first_name,last_name,store_id,active,address,city,country
MARY,SMITH,1,1,"1913 Hanoi Way",Sasebo,Japan
PATRICIA,JOHNSON,1,1,"1121 Loja Avenue","San Bernardino","United States"
LINDA,WILLIAMS,1,1,"692 Joliet Street",Athenai,Greece
BARBARA,JONES,2,1,"1566 Inegl Manor",Myingyan,Myanmar
ELIZABETH,BROWN,1,1,"53 Idfu Parkway",Nantou,Taiwan
JENNIFER,DAVIS,2,1,"1795 Santiago de Compostela Way",Laredo,"United States"
MARIA,MILLER,1,1,"900 Santiago de Compostela Parkway",Kragujevac,Yugoslavia
SUSAN,WILSON,2,1,"478 Joliet Way",Hamilton,"New Zealand"
MARGARET,MOORE,2,1,"613 Korolev Drive",Masqat,Oman
DOROTHY,TAYLOR,1,1,"1531 Sal Drive",Esfahan,Iran
LISA,ANDERSON,2,1,"1542 Tarlac Parkway",Sagamihara,Japan
NANCY,THOMAS,1,1,"808 Bhopal Manor","Yamuna Nagar",India
KAREN,JACKSON,2,1,"270 Amroha Parkway",Osmaniye,Turkey
BETTY,WHITE,2,1,"770 Bydgoszcz Avenue","Citrus Heights","United States"
HELEN,HARRIS,1,1,"419 Iligan Lane",Bhopal,India
SANDRA,MARTIN,2,0,"360 Toulouse Parkway",Southend-on-Sea,"United Kingdom"
DONNA,THOMPSON,1,1,"270 Toulon Boulevard",Elista,"Russian Federation"
CAROL,GARCIA,2,1,"320 Brest Avenue",Kaduna,Nigeria
RUTH,MARTINEZ,1,1,"1417 Lancaster Avenue",Kimberley,"South Africa"
SHARON,ROBINSON,2,1,"1688 Okara Way",Mardan,Pakistan
MICHELLE,CLARK,1,1,"262 A Corua (La Corua) Parkway",Tangail,Bangladesh
LAURA,RODRIGUEZ,1,1,"28 Charlotte Amalie Street",Sal,Morocco
SARAH,LEWIS,2,1,"1780 Hino Boulevard",Liepaja,Latvia
KIMBERLY,LEE,2,1,"96 Tafuna Way",Crdoba,Argentina
DEBORAH,WALKER,1,1,"934 San Felipe de Puerto Plata Street",Shikarpur,Pakistan
JESSICA,HALL,2,1,"18 Duisburg Boulevard","Citt del Vaticano","Holy See (Vatican City State)"
SHIRLEY,ALLEN,2,1,"217 Botshabelo Place",Davao,Philippines
CYNTHIA,YOUNG,1,1,"1425 Shikarpur Manor","Munger (Monghyr)",India
ANGELA,HERNANDEZ,2,1,"786 Aurora Avenue",Shimonoseki,Japan
MELISSA,KING,1,1,"1668 Anpolis Street",Lungtan,Taiwan
BRENDA,WRIGHT,2,1,"33 Gorontalo Way",Kamarhati,India
AMY,LOPEZ,1,1,"176 Mandaluyong Place",Jhansi,India
ANNA,HILL,2,1,"127 Purnea (Purnia) Manor",Alessandria,Italy
REBECCA,SCOTT,2,1,"61 Tama Street",Kurashiki,Japan
VIRGINIA,GREEN,2,1,"391 Callao Drive",Toulouse,France
KATHLEEN,ADAMS,2,1,"334 Munger (Monghyr) Lane",Arak,Iran
PAMELA,BAKER,1,1,"1440 Fukuyama Loop",Nanyang,China
MARTHA,GONZALEZ,1,1,"269 Cam Ranh Parkway",Chisinau,Moldova
DEBRA,NELSON,1,1,"306 Antofagasta Place","Vila Velha",Brazil
AMANDA,CARTER,2,1,"671 Graz Street",Nador,Morocco
STEPHANIE,MITCHELL,1,1,"42 Brindisi Place",Yerevan,Armenia
CAROLYN,PEREZ,2,1,"1632 Bislig Avenue","Pak Kret",Thailand
CHRISTINE,ROBERTS,2,1,"1447 Imus Way",Faaa,"French Polynesia"
MARIE,TURNER,1,1,"1998 Halifax Drive",Lipetsk,"Russian Federation"
JANET,PHILLIPS,1,1,"1718 Valencia Street",Antofagasta,Chile
CATHERINE,CAMPBELL,2,1,"46 Pjatigorsk Lane",Moscow,"Russian Federation"
FRANCES,PARKER,1,1,"686 Garland Manor","Juazeiro do Norte",Brazil
ANN,EVANS,1,1,"909 Garland Manor",Niznekamsk,"Russian Federation"
JOYCE,EDWARDS,2,1,"725 Isesaki Place",Jedda,"Saudi Arabia"
DIANE,COLLINS,1,1,"115 Hidalgo Parkway",Omdurman,Sudan
ALICE,STEWART,1,1,"1135 Izumisano Parkway",Fontana,"United States"
JULIE,SANCHEZ,1,1,"939 Probolinggo Loop","A Corua (La Corua)",Spain
HEATHER,MORRIS,1,1,"17 Kabul Boulevard",Nagareyama,Japan
TERESA,ROGERS,1,1,"1964 Allappuzha (Alleppey) Street",Iwakuni,Japan
DORIS,REED,2,1,"1697 Kowloon and New Kowloon Loop",Balaiha,"Russian Federation"
GLORIA,COOK,1,1,"1668 Saint Louis Place",Papeete,"French Polynesia"
EVELYN,MORGAN,2,1,"943 Tokat Street",Vaduz,Liechtenstein
JEAN,BELL,1,1,"1114 Liepaja Street",Kuching,Malaysia
CHERYL,MURPHY,1,1,"1213 Ranchi Parkway",Mysore,India
MILDRED,BAILEY,1,1,"81 Hodeida Way",Jaipur,India
KATHERINE,RIVERA,2,1,"915 Ponce Place",Basel,Switzerland
JOAN,COOPER,1,1,"1717 Guadalajara Lane","Saint Louis","United States"
ASHLEY,RICHARDSON,1,1,"1214 Hanoi Way",Lincoln,"United States"
JUDITH,COX,2,0,"1966 Amroha Avenue",Daxian,China
ROSE,HOWARD,2,1,"698 Otsu Street",Cayenne,"French Guiana"
JANICE,WARD,2,1,"1150 Kimchon Manor",Malm,Sweden
KELLY,TORRES,1,1,"1586 Guaruj Place",Xiangtan,China
NICOLE,PETERSON,1,1,"57 Arlington Manor",Shivapuri,India
JUDY,GRAY,2,1,"1031 Daugavpils Parkway",Bchar,Algeria
CHRISTINA,RAMIREZ,2,1,"1124 Buenaventura Drive",al-Hawiya,"Saudi Arabia"
KATHY,JAMES,1,1,"492 Cam Ranh Street",Baybay,Philippines
THERESA,WATSON,2,1,"89 Allappuzha (Alleppey) Manor",Taguig,Philippines
BEVERLY,BROOKS,2,1,"1947 Poos de Caldas Boulevard",Chiayi,Taiwan
DENISE,KELLY,1,1,"1206 Dos Quebradas Place","Rio Claro",Brazil
TAMMY,SANDERS,2,1,"1551 Rampur Lane",Changhwa,Taiwan
IRENE,PRICE,2,1,"602 Paarl Street",Pavlodar,Kazakstan
JANE,BENNETT,2,1,"1692 Ede Loop",Araatuba,Brazil
LORI,WOOD,1,1,"936 Salzburg Lane","Rae Bareli",India
RACHEL,BARNES,1,1,"586 Tete Way",Kamakura,Japan
MARILYN,ROSS,1,1,"1888 Kabul Drive",Ife,Nigeria
ANDREA,HENDERSON,1,1,"320 Baiyin Parkway",Mahajanga,Madagascar
KATHRYN,COLEMAN,1,1,"927 Baha Blanca Parkway",Simferopol,Ukraine
LOUISE,JENKINS,1,1,"929 Tallahassee Loop",Springs,"South Africa"
SARA,PERRY,2,1,"125 Citt del Vaticano Boulevard",Atlixco,Mexico
ANNE,POWELL,2,1,"1557 Ktahya Boulevard",Bradford,"United Kingdom"
JACQUELINE,LONG,2,1,"870 Ashqelon Loop",Songkhla,Thailand
WANDA,PATTERSON,1,1,"1740 Portoviejo Avenue",Sincelejo,Colombia
BONNIE,HUGHES,2,1,"1942 Ciparay Parkway",Cheju,"South Korea"
JULIA,FLORES,1,1,"1926 El Alto Avenue","La Plata",Argentina
RUBY,WASHINGTON,2,1,"1952 Chatsworth Drive",Meixian,China
LOIS,BUTLER,2,1,"1370 Le Mans Avenue","Bandar Seri Begawan",Brunei
TINA,SIMMONS,2,1,"984 Effon-Alaiye Avenue",Goinia,Brazil
PHYLLIS,FOSTER,1,1,"832 Nakhon Sawan Manor",Zalantun,China
NORMA,GONZALES,1,1,"152 Kitwe Parkway",Bislig,Philippines
PAULA,BRYANT,2,1,"1697 Tanauan Lane",Pathankot,India
DIANA,ALEXANDER,1,1,"1308 Arecibo Way","Augusta-Richmond County","United States"
ANNIE,RUSSELL,2,1,"1599 Plock Drive",Tete,Mozambique
LILLIAN,GRIFFIN,1,1,"669 Firozabad Loop",al-Ayn,"United Arab Emirates"
EMILY,DIAZ,2,1,"588 Vila Velha Manor",Kimchon,"South Korea"
ROBIN,HAYES,1,1,"1913 Kamakura Place",Jelets,"Russian Federation"
PEGGY,MYERS,1,1,"733 Mandaluyong Place",Abha,"Saudi Arabia"
CRYSTAL,FORD,1,1,"659 Vaduz Drive",Ashdod,Israel
GLADYS,HAMILTON,1,1,"1177 Jelets Way",Ilorin,Nigeria
RITA,GRAHAM,1,1,"1386 Yangor Avenue",Toulon,France
DAWN,SULLIVAN,1,1,"454 Nakhon Sawan Boulevard",Funafuti,Tuvalu
CONNIE,WALLACE,1,1,"1867 San Juan Bautista Tuxtepec Avenue",Ivanovo,"Russian Federation"
FLORENCE,WOODS,1,1,"1532 Dzerzinsk Way",Merlo,Argentina
TRACY,COLE,1,1,"1002 Ahmadnagar Manor",Huixquilucan,Mexico
EDNA,WEST,2,1,"682 Junan Way",Klerksdorp,"South Africa"
TIFFANY,JORDAN,2,1,"804 Elista Drive",Enshi,China
CARMEN,OWENS,1,1,"1378 Alvorada Avenue",Caracas,Venezuela
ROSA,REYNOLDS,2,1,"793 Cam Ranh Avenue",Lancaster,"United States"
CINDY,FISHER,2,1,"1079 Tel Aviv-Jaffa Boulevard",Cuman,Venezuela
GRACE,ELLIS,2,1,"442 Rae Bareli Place",Duisburg,Germany
WENDY,HARRISON,1,1,"1107 Nakhon Sawan Avenue",Nezahualcyotl,Mexico
VICTORIA,GIBSON,1,1,"544 Malm Parkway",Pemalang,Indonesia
EDITH,MCDONALD,1,1,"1967 Sincelejo Place",Gandhinagar,India
KIM,CRUZ,1,1,"333 Goinia Way","Grand Prairie","United States"
SHERRY,MARSHALL,1,1,"1987 Coacalco de Berriozbal Loop","Shubra al-Khayma",Egypt
SYLVIA,ORTIZ,2,1,"241 Mosul Lane","Dos Quebradas",Colombia
JOSEPHINE,GOMEZ,1,1,"211 Chiayi Drive",Etawah,India
THELMA,MURRAY,1,1,"1175 Tanauan Way",Lima,Peru
SHANNON,FREEMAN,2,1,"117 Boa Vista Way","Varanasi (Benares)",India
SHEILA,WELLS,1,0,"848 Tafuna Manor",Ktahya,Turkey
ETHEL,WEBB,1,1,"569 Baicheng Lane",Boksburg,"South Africa"
ELLEN,SIMPSON,1,1,"1666 Qomsheh Drive",Po,Brazil
ELAINE,STEVENS,2,1,"801 Hagonoy Drive",Smolensk,"Russian Federation"
MARJORIE,TUCKER,1,1,"1050 Garden Grove Avenue",Jastrzebie-Zdrj,Poland
CARRIE,PORTER,1,1,"1854 Tieli Street",Liaocheng,China
CHARLOTTE,HUNTER,1,1,"758 Junan Lane","guas Lindas de Gois",Brazil
MONICA,HICKS,2,1,"1752 So Leopoldo Parkway",Mukateve,Ukraine
ESTHER,CRAWFORD,2,1,"898 Belm Manor",Botshabelo,"South Africa"
PAULINE,HENRY,1,1,"261 Saint Louis Way",Torren,Mexico
EMMA,BOYD,1,1,"765 Southampton Drive",Qalyub,Egypt
JUANITA,MASON,2,1,"943 Johannesburg Avenue",Pune,India
ANITA,MORALES,2,1,"788 Atinsk Street",Hubli-Dharwad,India
RHONDA,KENNEDY,2,1,"1749 Daxian Place",Apeldoorn,Netherlands
HAZEL,WARREN,1,1,"1587 Sullana Lane",Hohhot,China
AMBER,DIXON,1,1,"1029 Dzerzinsk Manor",Touliu,Taiwan
EVA,RAMOS,1,1,"1666 Beni-Mellal Place",Clarksville,"United States"
DEBBIE,REYES,1,1,"928 Jaffna Loop",Fukuyama,Japan
APRIL,BURNS,1,1,"483 Ljubertsy Parkway",Dundee,"United Kingdom"
LESLIE,GORDON,1,1,"374 Bat Yam Boulevard",Kilis,Turkey
CLARA,SHAW,1,1,"1027 Songkhla Manor",Molodetno,Belarus
LUCILLE,HOLMES,1,1,"999 Sanaa Loop",Soshanguve,"South Africa"
JAMIE,RICE,1,1,"879 Newcastle Way","Sterling Heights","United States"
JOANNE,ROBERTSON,2,1,"1337 Lincoln Parkway",Urawa,Japan
ELEANOR,HUNT,1,1,"1952 Pune Lane",Saint-Denis,Runion
VALERIE,BLACK,1,1,"782 Mosul Street",Brockton,"United States"
DANIELLE,DANIELS,2,1,"781 Shimonoseki Drive",Hidalgo,Mexico
MEGAN,PALMER,2,1,"1560 Jelets Boulevard",Laiwu,China
ALICIA,MILLS,1,1,"1963 Moscow Place",Nagaon,India
SUZANNE,NICHOLS,2,1,"456 Escobar Way",Jakarta,Indonesia
MICHELE,GRANT,2,1,"798 Cianjur Avenue",Yuncheng,China
GAIL,KNIGHT,1,1,"185 Novi Sad Place",Bern,Switzerland
BERTHA,FERGUSON,1,1,"1367 Yantai Manor",Ondo,Nigeria
DARLENE,ROSE,2,1,"1386 Nakhon Sawan Boulevard",Pyongyang,"North Korea"
VERONICA,STONE,1,1,"369 Papeete Way",Greensboro,"United States"
JILL,HAWKINS,1,1,"1440 Compton Place",Linz,Austria
ERIN,DUNN,2,1,"1623 Baha Blanca Manor",Ljubertsy,"Russian Federation"
GERALDINE,PERKINS,1,1,"97 Shimoga Avenue","Tel Aviv-Jaffa",Israel
LAUREN,HUDSON,2,1,"1740 Le Mans Loop","Le Mans",France
CATHY,SPENCER,1,1,"1287 Xiangfan Boulevard",Kakamigahara,Japan
JOANN,GARDNER,2,1,"842 Salzburg Lane",Tarsus,Turkey
LORRAINE,STEPHENS,2,1,"154 Tallahassee Loop",Hami,China
LYNN,PAYNE,1,1,"710 San Felipe del Progreso Avenue",Lilongwe,Malawi
SALLY,PIERCE,2,1,"1540 Wroclaw Drive",Chandrapur,India
REGINA,BERRY,1,1,"475 Atinsk Way",Jinchang,China
ERICA,MATTHEWS,2,0,"1294 Firozabad Drive",Pingxiang,China
BEATRICE,ARNOLD,1,1,"1877 Ezhou Lane",Udaipur,India
DOLORES,WAGNER,2,1,"316 Uruapan Street",Ipoh,Malaysia
BERNICE,WILLIS,1,1,"29 Pyongyang Loop",Batman,Turkey
AUDREY,RAY,1,1,"1010 Klerksdorp Way",Graz,Austria
YVONNE,WATKINS,2,1,"1848 Salala Boulevard","Ocumare del Tuy",Venezuela
ANNETTE,OLSON,1,1,"431 Xiangtan Avenue","Allappuzha (Alleppey)",India
JUNE,CARROLL,1,1,"757 Rustenburg Avenue",Skikda,Algeria
SAMANTHA,DUNCAN,2,1,"146 Johannesburg Way",Matamoros,Mexico
MARION,SNYDER,2,1,"1891 Rizhao Boulevard","Santa Brbara dOeste",Brazil
DANA,HART,1,1,"1089 Iwatsuki Avenue",Kirovo-Tepetsk,"Russian Federation"
STACY,CUNNINGHAM,2,1,"1410 Benin City Parkway",Pereira,Colombia
ANA,BRADLEY,2,1,"682 Garden Grove Place",Memphis,"United States"
RENEE,LANE,1,1,"533 al-Ayn Boulevard",Compton,"United States"
IDA,ANDREWS,2,1,"1839 Szkesfehrvr Parkway",Luzinia,Brazil
VIVIAN,RUIZ,1,1,"741 Ambattur Manor",s-Hertogenbosch,Netherlands
ROBERTA,HARPER,1,1,"927 Barcelona Street","Shahr-e Kord",Iran
HOLLY,FOX,2,1,"435 0 Way",Haldia,India
BRITTANY,RILEY,2,1,"140 Chiayi Parkway",Sumy,Ukraine
MELANIE,ARMSTRONG,1,1,"1166 Changhwa Street",Bayugan,Philippines
LORETTA,CARPENTER,1,1,"891 Novi Sad Manor",Oshawa,Canada
YOLANDA,WEAVER,2,1,"605 Rio Claro Parkway",Tabora,Tanzania
JEANETTE,GREENE,1,1,"1077 San Felipe de Puerto Plata Place",Novoterkassk,"Russian Federation"
LAURIE,LAWRENCE,1,1,"9 San Miguel de Tucumn Manor",Firozabad,India
KATIE,ELLIOTT,2,1,"447 Surakarta Loop",Kisumu,Kenya
KRISTEN,CHAVEZ,2,1,"345 Oshawa Boulevard",Hino,Japan
VANESSA,SIMS,1,1,"1792 Valle de la Pascua Place",Siegen,Germany
ALMA,AUSTIN,1,1,"1074 Binzhou Manor",Mannheim,Germany
SUE,PETERS,2,1,"817 Bradford Loop",Changzhou,China
ELSIE,KELLEY,2,1,"955 Bamenda Way",Ikerre,Nigeria
BETH,FRANKLIN,2,1,"1149 A Corua (La Corua) Boulevard",Haiphong,Vietnam
JEANNE,LAWSON,2,1,"387 Mwene-Ditu Drive",Ashgabat,Turkmenistan
VICKI,FIELDS,1,1,"68 Molodetno Manor",Witten,Germany
CARLA,GUTIERREZ,2,1,"642 Nador Drive",Bhusawal,India
TARA,RYAN,1,1,"1688 Nador Lane",Gorontalo,Indonesia
ROSEMARY,SCHMIDT,1,1,"1215 Pyongyang Parkway",Usak,Turkey
EILEEN,CARR,2,1,"1679 Antofagasta Street","Ciudad del Este",Paraguay
TERRI,VASQUEZ,1,1,"1304 s-Hertogenbosch Way",Blumenau,Brazil
GERTRUDE,CASTILLO,1,1,"850 Salala Loop",Nuuk,Greenland
LUCY,WHEELER,1,1,"624 Oshawa Boulevard",Balurghat,India
TONYA,CHAPMAN,2,1,"43 Dadu Avenue",Bhilwara,India
ELLA,OLIVER,2,1,"751 Lima Loop",Aden,Yemen
STACEY,MONTGOMERY,1,1,"1333 Haldia Street",Fuyu,China
WILMA,RICHARDS,2,1,"660 Jedda Boulevard",Bellevue,"United States"
GINA,WILLIAMSON,1,1,"1001 Miyakonojo Lane",Taizz,Yemen
KRISTIN,JOHNSTON,1,1,"226 Brest Manor",Sunnyvale,"United States"
JESSIE,BANKS,2,1,"1229 Valencia Parkway","Stara Zagora",Bulgaria
NATALIE,MEYER,1,1,"1201 Qomsheh Manor","Aparecida de Goinia",Brazil
AGNES,BISHOP,2,1,"866 Shivapuri Manor",Sambhal,India
VERA,MCCOY,1,1,"1168 Najafabad Parkway",Kabul,Afghanistan
WILLIE,HOWELL,2,1,"1244 Allappuzha (Alleppey) Place","Vicente Lpez",Argentina
CHARLENE,ALVAREZ,2,1,"1842 Luzinia Boulevard",Zanzibar,Tanzania
BESSIE,MORRISON,1,1,"1926 Gingoog Street",Syrakusa,Italy
DELORES,HANSEN,2,1,"810 Palghat (Palakkad) Boulevard",Jaroslavl,"Russian Federation"
MELINDA,FERNANDEZ,1,1,"1820 Maring Parkway","Mandi Bahauddin",Pakistan
PEARL,GARZA,2,1,"60 Poos de Caldas Street",Jodhpur,India
ARLENE,HARVEY,1,1,"1014 Loja Manor",Ambattur,India
MAUREEN,LITTLE,2,1,"201 Effon-Alaiye Way",Asuncin,Paraguay
COLLEEN,BURTON,1,1,"430 Alessandria Loop",Saarbrcken,Germany
ALLISON,STANLEY,2,1,"754 Valencia Place","Phnom Penh",Cambodia
TAMARA,NGUYEN,1,1,"356 Olomouc Manor",Anpolis,Brazil
JOY,GEORGE,2,1,"1256 Bislig Boulevard",Botosani,Romania
GEORGIA,JACOBS,1,1,"954 Kimchon Place",Uttarpara-Kotrung,India
CONSTANCE,REID,2,1,"885 Yingkou Manor",Zaria,Nigeria
LILLIE,KIM,2,1,"1736 Cavite Place",Idfu,Egypt
CLAUDIA,FULLER,1,1,"346 Skikda Parkway","Jalib al-Shuyukh",Kuwait
JACKIE,LYNCH,1,1,"98 Stara Zagora Boulevard",Buenaventura,Colombia
MARCIA,DEAN,1,1,"1479 Rustenburg Boulevard",Tanza,Philippines
TANYA,GILBERT,1,1,"647 A Corua (La Corua) Street",Naju,"South Korea"
NELLIE,GARRETT,1,1,"1964 Gijn Manor",Shimoga,India
MINNIE,ROMERO,2,1,"47 Syktyvkar Lane",Ciomas,Indonesia
MARLENE,WELCH,1,1,"1148 Saarbrcken Parkway",Iwaki,Japan
HEIDI,LARSON,2,0,"1103 Bilbays Parkway",Xiangfan,China
GLENDA,FRAZIER,1,1,"1246 Boksburg Parkway",Qinhuangdao,China
LYDIA,BURKE,1,1,"1483 Pathankot Street","San Miguel de Tucumn",Argentina
VIOLA,HANSON,2,1,"582 Papeete Loop",Lapu-Lapu,Philippines
COURTNEY,DAY,1,1,"300 Junan Street",Uijongbu,"South Korea"
MARIAN,MENDOZA,1,1,"829 Grand Prairie Way",Maring,Brazil
STELLA,MORENO,1,1,"1473 Changhwa Parkway","Coacalco de Berriozbal",Mexico
CAROLINE,BOWMAN,1,1,"1309 Weifang Street",Tallahassee,"United States"
DORA,MEDINA,2,1,"1760 Oshawa Manor",Tianjin,China
JO,FOWLER,2,1,"786 Stara Zagora Way",Oyo,Nigeria
VICKIE,BREWER,2,1,"1966 Tonghae Street",Halle/Saale,Germany
MATTIE,HOFFMAN,2,1,"1497 Yuzhou Drive",London,"United Kingdom"
TERRY,CARLSON,1,1,"752 Ondo Loop",Miyakonojo,Japan
MAXINE,SILVA,2,1,"1338 Zalantun Lane","Poos de Caldas",Brazil
IRMA,PEARSON,2,1,"127 Iwakuni Boulevard",Hagonoy,Philippines
MABEL,HOLLAND,2,1,"51 Laredo Avenue",Monywa,Myanmar
MARSHA,DOUGLAS,2,1,"771 Yaound Manor",Beira,Mozambique
MYRTLE,FLEMING,1,1,"532 Toulon Street","Santiago de los Caballeros","Dominican Republic"
LENA,JENSEN,2,1,"1027 Banjul Place",Halisahar,India
CHRISTY,VARGAS,1,1,"1158 Mandi Bahauddin Parkway",Datong,China
DEANNA,BYRD,1,1,"862 Xintai Lane",Tuguegarao,Philippines
PATSY,DAVIDSON,2,1,"816 Cayenne Parkway",Portoviejo,Ecuador
HILDA,HOPKINS,1,1,"1831 Nam Dinh Loop",Mandaluyong,Philippines
GWENDOLYN,MAY,1,1,"446 Kirovo-Tepetsk Lane",Higashiosaka,Japan
JENNIE,TERRY,2,1,"682 Halisahar Place",Olomouc,"Czech Republic"
NORA,HERRERA,2,1,"1587 Loja Manor",Salzburg,Austria
MARGIE,WADE,1,1,"1762 Paarl Parkway",Lengshuijiang,China
NINA,SOTO,1,1,"1519 Ilorin Place","Palghat (Palakkad)",India
CASSANDRA,WALTERS,1,1,"920 Kumbakonam Loop",Salinas,"United States"
LEAH,CURTIS,1,1,"906 Goinia Way",Kalisz,Poland
PENNY,NEAL,1,0,"1675 Xiangfan Manor",Kumbakonam,India
KAY,CALDWELL,1,1,"85 San Felipe de Puerto Plata Drive",Yantai,China
PRISCILLA,LOWE,2,1,"144 South Hill Loop",Salamanca,Mexico
NAOMI,JENNINGS,1,1,"1884 Shikarpur Avenue",Karnal,India
CAROLE,BARNETT,2,1,"1980 Kamjanets-Podilskyi Street",Peoria,"United States"
BRANDY,GRAVES,1,1,"1944 Bamenda Way",Warren,"United States"
OLGA,JIMENEZ,2,1,"556 Baybay Manor",Ogbomosho,Nigeria
BILLIE,HORTON,2,1,"457 Tongliao Loop",Inegl,Turkey
DIANNE,SHELTON,2,1,"600 Bradford Street",Tabriz,Iran
TRACEY,BARRETT,2,1,"1006 Santa Brbara dOeste Manor",Owo,Nigeria
LEONA,OBRIEN,2,1,"1308 Sumy Loop",Fuzhou,China
JENNY,CASTRO,2,1,"1405 Chisinau Place",Ponce,"Puerto Rico"
FELICIA,SUTTON,1,1,"226 Halifax Street",Korla,China
SONIA,GREGORY,1,1,"1279 Udine Parkway","Benin City",Nigeria
MIRIAM,MCKINNEY,1,1,"1336 Benin City Drive",Otsu,Japan
VELMA,LUCAS,1,1,"1155 Liaocheng Place",Effon-Alaiye,Nigeria
BECKY,MILES,2,1,"1993 Tabuk Lane",Tambaram,India
BOBBIE,CRAIG,1,1,"86 Higashiosaka Lane","Valle de Santiago",Mexico
VIOLET,RODRIQUEZ,1,1,"1912 Allende Manor","Kowloon and New Kowloon","Hong Kong"
KRISTINA,CHAMBERS,1,1,"544 Tarsus Boulevard","Valle de la Pascua",Venezuela
TONI,HOLT,1,1,"1936 Cuman Avenue",Roanoke,"United States"
MISTY,LAMBERT,2,1,"1192 Tongliao Street",Sharja,"United Arab Emirates"
MAE,FLETCHER,2,1,"44 Najafabad Way","Donostia-San Sebastin",Spain
SHELLY,WATTS,2,1,"32 Pudukkottai Lane",Dayton,"United States"
DAISY,BATES,1,1,"661 Chisinau Lane",Kolpino,"Russian Federation"
RAMONA,HALE,2,1,"951 Stara Zagora Manor",Patiala,India
SHERRI,RHODES,1,1,"922 Vila Velha Loop",Ahmadnagar,India
ERIKA,PENA,1,1,"898 Jining Lane",Oulu,Finland
JAMES,GANNON,2,1,"1635 Kuwana Boulevard",Hiroshima,Japan
JOHN,FARNSWORTH,1,1,"41 El Alto Parkway",Parbhani,India
ROBERT,BAUGHMAN,2,1,"1883 Maikop Lane",Kaliningrad,"Russian Federation"
MICHAEL,SILVERMAN,1,1,"1908 Gaziantep Place",Tiefa,China
WILLIAM,SATTERFIELD,2,1,"687 Alessandria Parkway",Sanaa,Yemen
DAVID,ROYAL,2,1,"827 Yuncheng Drive",Callao,Peru
RICHARD,MCCRARY,1,1,"913 Coacalco de Berriozbal Loop",Arlington,"United States"
CHARLES,KOWALSKI,1,1,"715 So Bernardo do Campo Lane","Sungai Petani",Malaysia
JOSEPH,JOY,2,1,"1354 Siegen Street","Angra dos Reis",Brazil
THOMAS,GRIGSBY,1,1,"1191 Sungai Petani Boulevard","Kansas City","United States"
CHRISTOPHER,GRECO,1,1,"1224 Huejutla de Reyes Boulevard",Brescia,Italy
DANIEL,CABRAL,2,1,"543 Bergamo Avenue",Ibirit,Brazil
PAUL,TROUT,2,1,"746 Joliet Lane",Kursk,"Russian Federation"
MARK,RINEHART,2,1,"780 Kimberley Way",Tabuk,"Saudi Arabia"
DONALD,MAHON,2,1,"1774 Yaound Place",Ezhou,China
GEORGE,LINTON,1,1,"1957 Yantai Lane",Sorocaba,Brazil
KENNETH,GOODEN,2,0,"1542 Lubumbashi Boulevard","Bat Yam",Israel
STEVEN,CURLEY,1,1,"651 Pathankot Loop",Miraj,India
EDWARD,BAUGH,2,1,"1359 Zhoushan Parkway",Trshavn,"Faroe Islands"
BRIAN,WYMAN,1,1,"1769 Iwaki Lane",Bydgoszcz,Poland
RONALD,WEINER,2,1,"1145 Vilnius Manor","San Felipe del Progreso",Mexico
ANTHONY,SCHWAB,2,1,"1892 Nabereznyje Telny Lane",Tafuna,"American Samoa"
KEVIN,SCHULER,1,1,"470 Boksburg Street",Birgunj,Nepal
JASON,MORRISSEY,1,1,"1427 A Corua (La Corua) Place","Baha Blanca",Argentina
MATTHEW,MAHAN,2,1,"479 San Felipe del Progreso Avenue",Cuautla,Mexico
GARY,COY,2,1,"867 Benin City Avenue",Yuzhou,China
TIMOTHY,BUNN,1,1,"981 Kumbakonam Place",Braslia,Brazil
JOSE,ANDREW,1,1,"1016 Iwakuni Street",Kingstown,"Saint Vincent and the Grenadines"
LARRY,THRASHER,2,1,"663 Baha Blanca Parkway",Adana,Turkey
JEFFREY,SPEAR,2,1,"1860 Taguig Loop",Ciparay,Indonesia
FRANK,WAGGONER,2,1,"1816 Bydgoszcz Loop",Jamalpur,Bangladesh
SCOTT,SHELLEY,1,1,"587 Benguela Manor",Aurora,"United States"
ERIC,ROBERT,1,1,"430 Kumbakonam Drive","Santa F",Argentina
STEPHEN,QUALLS,1,1,"1838 Tabriz Lane",Dhaka,Bangladesh
ANDREW,PURDY,2,1,"431 Szkesfehrvr Avenue",Baku,Azerbaijan
RAYMOND,MCWHORTER,2,1,"503 Sogamoso Loop",Sumqayit,Azerbaijan
GREGORY,MAULDIN,1,1,"507 Smolensk Loop",Sousse,Tunisia
JOSHUA,MARK,1,1,"1920 Weifang Avenue",Rampur,India
JERRY,JORDON,1,1,"124 al-Manama Way",Onomichi,Japan
DENNIS,GILMAN,1,1,"1443 Mardan Street",Paarl,"South Africa"
WALTER,PERRYMAN,2,1,"1909 Benguela Lane",Xinxiang,China
PATRICK,NEWSOM,1,1,"68 Ponce Parkway",Hanoi,Vietnam
PETER,MENARD,1,1,"1217 Konotop Avenue",Ede,Netherlands
HAROLD,MARTINO,1,1,"1293 Nam Dinh Way","Boa Vista",Brazil
DOUGLAS,GRAF,1,1,"785 Vaduz Street",Mexicali,Mexico
HENRY,BILLINGSLEY,1,1,"1516 Escobar Drive",Nukualofa,Tonga
CARL,ARTIS,1,1,"1628 Nagareyama Lane","San Lorenzo",Paraguay
ARTHUR,SIMPKINS,1,1,"1157 Nyeri Loop",Maikop,"Russian Federation"
RYAN,SALISBURY,2,1,"1673 Tangail Drive",Daugavpils,Latvia
ROGER,QUINTANILLA,2,1,"381 Kabul Way",Hsichuh,Taiwan
JOE,GILLILAND,2,1,"953 Hodeida Street",Imus,Philippines
JUAN,FRALEY,1,1,"469 Nakhon Sawan Street",Teboksary,"Russian Federation"
JACK,FOUST,1,1,"1378 Beira Loop",Zeleznogorsk,"Russian Federation"
ALBERT,CROUSE,1,1,"1641 Changhwa Place",Bamenda,Cameroon
JONATHAN,SCARBOROUGH,1,1,"1698 Southport Loop","Pachuca de Soto",Mexico
JUSTIN,NGO,2,1,"519 Nyeri Manor","Santo Andr",Brazil
TERRY,GRISSOM,2,1,"619 Hunuco Avenue",Matsue,Japan
GERALD,FULTZ,2,1,"45 Aparecida de Goinia Place",Satna,India
KEITH,RICO,1,1,"482 Kowloon and New Kowloon Manor",Bratislava,Slovakia
SAMUEL,MARLOW,2,1,"604 Bern Place",Ranchi,India
WILLIE,MARKHAM,2,1,"1623 Kingstown Drive","Almirante Brown",Argentina
RALPH,MADRIGAL,2,1,"1009 Zanzibar Lane",Arecibo,"Puerto Rico"
LAWRENCE,LAWTON,2,1,"114 Jalib al-Shuyukh Manor",Yaound,Cameroon
NICHOLAS,BARFIELD,1,1,"1163 London Parkway",Belm,Brazil
ROY,WHITING,2,1,"1658 Jastrzebie-Zdrj Loop",Nyeri,Kenya
BENJAMIN,VARNEY,1,1,"817 Laredo Avenue",Guadalajara,Mexico
BRUCE,SCHWARZ,2,1,"1565 Tangail Manor",Okinawa,Japan
BRANDON,HUEY,1,1,"1912 Emeishan Drive",Balikesir,Turkey
ADAM,GOOCH,1,1,"230 Urawa Drive",Adoni,India
HARRY,ARCE,1,0,"1922 Miraj Way",Najafabad,Iran
FRED,WHEAT,2,1,"433 Florencia Street",Jurez,Mexico
WAYNE,TRUONG,2,1,"1049 Matamoros Parkway",Gulbarga,India
BILLY,POULIN,1,1,"1061 Ede Avenue",Cabuyao,Philippines
STEVE,MACKENZIE,2,1,"154 Oshawa Manor",Probolinggo,Indonesia
LOUIS,LEONE,1,1,"1191 Tandil Drive",Tanauan,Philippines
JEREMY,HURTADO,2,1,"1133 Rizhao Avenue","Vitria de Santo Anto",Brazil
AARON,SELBY,2,1,"1519 Santiago de los Caballeros Loop",Mwene-Ditu,"Congo, The Democratic Republic of the"
RANDY,GAITHER,1,1,"1618 Olomouc Manor",Kurgan,"Russian Federation"
HOWARD,FORTNER,1,1,"220 Hidalgo Drive",Kermanshah,Iran
EUGENE,CULPEPPER,1,1,"686 Donostia-San Sebastin Lane",Shenzhen,China
CARLOS,COUGHLIN,1,1,"97 Mogiljov Lane",Bhavnagar,India
RUSSELL,BRINSON,1,1,"1642 Charlotte Amalie Drive",Tychy,Poland
BOBBY,BOUDREAU,2,1,"1368 Maracabo Boulevard","South Hill",Anguilla
VICTOR,BARKLEY,2,1,"401 Sucre Boulevard",Manchester,"United States"
MARTIN,BALES,1,1,"368 Hunuco Boulevard",Namibe,Angola
ERNEST,STEPP,2,1,"500 Lincoln Parkway",Huaian,China
PHILLIP,HOLM,1,1,"102 Chapra Drive",Tama,Japan
TODD,TAN,1,1,"1793 Meixian Place",Kamjanets-Podilskyi,Ukraine
JESSE,SCHILLING,2,1,"514 Ife Way",Lubumbashi,"Congo, The Democratic Republic of the"
CRAIG,MORRELL,2,1,"717 Changzhou Lane",Cavite,Philippines
ALAN,KAHN,1,1,"753 Ilorin Avenue",Emeishan,China
SHAWN,HEATON,1,1,"1337 Mit Ghamr Avenue","Nakhon Sawan",Thailand
CLARENCE,GAMEZ,1,1,"767 Pyongyang Drive",Izumisano,Japan
SEAN,DOUGLASS,2,1,"614 Pak Kret Street","Addis Abeba",Ethiopia
PHILIP,CAUSEY,1,1,"954 Lapu-Lapu Way",Korolev,"Russian Federation"
CHRIS,BROTHERS,2,1,"331 Bydgoszcz Parkway",Gijn,Spain
JOHNNY,TURPIN,2,1,"1152 Citrus Heights Manor",al-Qadarif,Sudan
EARL,SHANKS,1,1,"168 Cianjur Manor",Iwatsuki,Japan
JIMMY,SCHRADER,1,1,"616 Hagonoy Avenue",Atinsk,"Russian Federation"
ANTONIO,MEEK,1,1,"1190 0 Place",Bag,Brazil
DANNY,ISOM,1,1,"734 Bchar Place",Okara,Pakistan
BRYAN,HARDISON,2,1,"530 Lausanne Lane",Dallas,"United States"
TONY,CARRANZA,2,1,"454 Patiala Lane",Koriyama,Japan
LUIS,YANEZ,1,1,"1346 Mysore Drive",Brest,France
MIKE,WAY,1,1,"990 Etawah Loop",Valparai,India
STANLEY,SCROGGINS,2,1,"1266 Laredo Parkway",Omiya,Japan
LEONARD,SCHOFIELD,1,1,"88 Nagaon Manor",Tandil,Argentina
NATHAN,RUNYON,1,0,"264 Bhimavaram Manor","Charlotte Amalie","Virgin Islands, U.S."
DALE,RATCLIFF,1,1,"1639 Saarbrcken Drive",Rustenburg,"South Africa"
MANUEL,MURRELL,1,1,"692 Amroha Drive",Jaffna,"Sri Lanka"
RODNEY,MOELLER,2,1,"1936 Lapu-Lapu Parkway","Deba Habe",Nigeria
CURTIS,IRBY,2,1,"432 Garden Grove Street","Richmond Hill",Canada
NORMAN,CURRIER,1,1,"1445 Carmen Parkway",Cianjur,Indonesia
ALLEN,BUTTERFIELD,2,1,"791 Salinas Street",Hoshiarpur,India
MARVIN,YEE,2,1,"126 Acua Parkway","Berhampore (Baharampur)",India
VINCENT,RALSTON,1,1,"397 Sunnyvale Avenue",Allende,Mexico
GLENN,PULLEN,1,1,"992 Klerksdorp Loop",Amersfoort,Netherlands
JEFFERY,PINSON,2,1,"966 Arecibo Loop",Dadu,Pakistan
TRAVIS,ESTEP,1,1,"289 Santo Andr Manor",al-Qatif,"Saudi Arabia"
JEFF,EAST,2,1,"437 Chungho Drive","San Felipe de Puerto Plata","Dominican Republic"
CHAD,CARBONE,1,1,"1948 Bayugan Parkway",Katihar,India
JACOB,LANCE,1,1,"1866 al-Qatif Avenue","El Monte","United States"
LEE,HAWKS,1,1,"1661 Abha Drive",Pudukkottai,India
MELVIN,ELLINGTON,1,1,"1557 Cape Coral Parkway",Laohekou,China
ALFRED,CASILLAS,2,1,"1727 Matamoros Place",Sawhaj,Egypt
KYLE,SPURLOCK,2,1,"1269 Botosani Manor",Shanwei,China
FRANCIS,SIKES,2,1,"355 Vitria de Santo Anto Way","San Juan Bautista Tuxtepec",Mexico
BRADLEY,MOTLEY,1,1,"1596 Acua Parkway","Purnea (Purnia)",India
JESUS,MCCARTNEY,2,1,"259 Ipoh Drive",Guaruj,Brazil
HERBERT,KRUGER,2,1,"1823 Hoshiarpur Lane",Syktyvkar,"Russian Federation"
FREDERICK,ISBELL,2,1,"1404 Taguig Drive",Tsuyama,Japan
RAY,HOULE,1,1,"740 Udaipur Lane",Dzerzinsk,"Russian Federation"
JOEL,FRANCISCO,2,1,"287 Cuautla Boulevard",Sucre,Bolivia
EDWIN,BURK,1,1,"1766 Almirante Brown Street",Newcastle,"South Africa"
DON,BONE,1,1,"596 Huixquilucan Place",Naala-Porto,Mozambique
EDDIE,TOMLIN,1,1,"1351 Aparecida de Goinia Parkway",Ozamis,Philippines
RICKY,SHELBY,2,1,"722 Bradford Lane",Junan,China
TROY,QUIGLEY,1,1,"983 Santa F Way",Vancouver,Canada
RANDALL,NEUMANN,2,1,"1245 Ibirit Way","La Romana","Dominican Republic"
BARRY,LOVELACE,1,1,"1836 Korla Parkway",Kitwe,Zambia
ALEXANDER,FENNELL,2,1,"231 Kaliningrad Place",Bergamo,Italy
BERNARD,COLBY,1,1,"495 Bhimavaram Lane","Dhule (Dhulia)",India
MARIO,CHEATHAM,1,1,"1924 Shimonoseki Drive",Batna,Algeria
LEROY,BUSTAMANTE,1,1,"105 Dzerzinsk Manor",Tongliao,China
FRANCISCO,SKIDMORE,2,1,"614 Denizli Parkway","So Leopoldo",Brazil
MARCUS,HIDALGO,2,1,"1289 Belm Boulevard",Tartu,Estonia
MICHEAL,FORMAN,1,1,"203 Tambaram Street",Escobar,Argentina
THEODORE,CULP,2,0,"1704 Tambaram Manor",Uluberia,India
CLIFFORD,BOWENS,1,1,"207 Cuernavaca Loop","Nabereznyje Telny","Russian Federation"
MIGUEL,BETANCOURT,1,1,"319 Springs Loop",Erlangen,Germany
OSCAR,AQUINO,2,1,"956 Nam Dinh Manor",Sirjan,Iran
JAY,ROBB,1,1,"1947 Paarl Way",Surakarta,Indonesia
JIM,REA,1,1,"814 Simferopol Loop","El Fuerte",Mexico
TOM,MILNER,1,1,"535 Ahmadnagar Manor","Abu Dhabi","United Arab Emirates"
CALVIN,MARTEL,1,1,"138 Caracas Boulevard",Maracabo,Venezuela
ALEX,GRESHAM,2,1,"251 Florencia Drive",Uruapan,Mexico
JON,WILES,2,1,"659 Gatineau Boulevard","El Alto",Bolivia
RONNIE,RICKETTS,2,1,"1889 Valparai Way",Ziguinchor,Senegal
BILL,GAVIN,2,1,"1485 Bratislava Place",Rockford,"United States"
LLOYD,DOWD,1,1,"935 Aden Boulevard",Tegal,Indonesia
TOMMY,COLLAZO,1,1,"76 Kermanshah Manor",Qomsheh,Iran
LEON,BOSTIC,1,1,"734 Tanshui Avenue",Florencia,Colombia
DEREK,BLAKELY,1,1,"118 Jaffna Loop",Gingoog,Philippines
WARREN,SHERROD,2,1,"1621 Tongliao Avenue",Usolje-Sibirskoje,"Russian Federation"
DARRELL,POWER,2,1,"1844 Usak Avenue",Halifax,Canada
JEROME,KENYON,1,1,"1872 Toulon Loop",Rancagua,Chile
FLOYD,GANDY,1,1,"1088 Ibirit Place",Zapopan,Mexico
LEO,EBERT,1,1,"1322 Mosul Parkway",Dongying,China
ALVIN,DELOACH,2,1,"1447 Chatsworth Place",Cuauhtmoc,Mexico
TIM,CARY,1,1,"1257 Guadalajara Street",Bijapur,India
WESLEY,BULL,2,1,"1469 Plock Lane","Ourense (Orense)",Spain
GORDON,ALLARD,1,1,"434 Ourense (Orense) Manor",Hodeida,Yemen
DEAN,SAUER,1,1,"270 Tambaram Parkway",Johannesburg,"South Africa"
GREG,ROBINS,1,1,"1786 Salinas Place","Nam Dinh",Vietnam
JORGE,OLIVARES,2,1,"1078 Stara Zagora Drive",Lhokseumawe,Indonesia
DUSTIN,GILLETTE,2,1,"1854 Okara Boulevard",Emmen,Netherlands
PEDRO,CHESTNUT,2,1,"421 Yaound Street",ostka,Ukraine
DERRICK,BOURQUE,1,1,"1153 Allende Way",Gatineau,Canada
DAN,PAINE,1,1,"808 Naala-Porto Parkway",Stockport,"United Kingdom"
LEWIS,LYMAN,1,1,"632 Usolje-Sibirskoje Parkway",Ashqelon,Israel
ZACHARY,HITE,1,1,"98 Pyongyang Boulevard",Akron,"United States"
COREY,HAUSER,1,1,"984 Novoterkassk Loop",Gaziantep,Turkey
HERMAN,DEVORE,1,1,"64 Korla Street",Mwanza,Tanzania
MAURICE,CRAWLEY,1,0,"1785 So Bernardo do Campo Street",Coatzacoalcos,Mexico
VERNON,CHAPA,2,1,"698 Jelets Boulevard",Denizli,Turkey
ROBERTO,VU,1,1,"1297 Alvorada Parkway",Yinchuan,China
CLYDE,TOBIAS,1,1,"1909 Dayton Avenue",Shaoguan,China
GLEN,TALBERT,1,1,"1789 Saint-Denis Parkway",Acua,Mexico
HECTOR,POINDEXTER,2,1,"185 Mannheim Lane",Pjatigorsk,"Russian Federation"
SHANE,MILLARD,2,1,"184 Mandaluyong Street","La Paz",Mexico
RICARDO,MEADOR,1,1,"591 Sungai Petani Drive",Okayama,Japan
SAM,MCDUFFIE,1,1,"656 Matamoros Drive",Sogamoso,Colombia
RICK,MATTOX,2,1,"775 ostka Drive","Mit Ghamr",Egypt
LESTER,KRAUS,2,1,"1013 Tabuk Boulevard",Kanchrapara,India
BRENT,HARKINS,1,1,"319 Plock Parkway",Sultanbeyli,Turkey
RAMON,CHOATE,2,1,"1954 Kowloon and New Kowloon Way",Robamba,Ecuador
CHARLIE,BESS,2,1,"362 Rajkot Lane",Baiyin,China
TYLER,WREN,2,1,"1060 Tandil Lane",Rizhao,China
GILBERT,SLEDGE,2,1,"1515 Korla Way",York,"United Kingdom"
GENE,SANBORN,1,1,"1416 San Juan Bautista Tuxtepec Avenue",Salala,Oman
MARC,OUTLAW,2,1,"1 Valle de Santiago Avenue",Brindisi,Italy
REGINALD,KINDER,1,1,"519 Brescia Parkway",Madiun,Indonesia
RUBEN,GEARY,1,1,"414 Mandaluyong Street",Lublin,Poland
BRETT,CORNWELL,1,1,"1197 Sokoto Boulevard","Siliguri (Shiliguri)",India
ANGEL,BARCLAY,1,1,"496 Celaya Drive",Ueda,Japan
NATHANIEL,ADAM,1,1,"786 Matsue Way",Joliet,"United States"
RAFAEL,ABNEY,1,1,"48 Maracabo Place",Talavera,Philippines
LESLIE,SEWARD,2,1,"1152 al-Qatif Lane",Pontianak,Indonesia
EDGAR,RHOADS,2,1,"1269 Ipoh Avenue",Eskisehir,Turkey
MILTON,HOWLAND,2,1,"758 Korolev Parkway",Vijayawada,India
RAUL,FORTIER,1,1,"1747 Rustenburg Place",Chapra,India
BEN,EASTER,2,0,"886 Tonghae Place",Kamyin,"Russian Federation"
CHESTER,BENNER,1,1,"1574 Goinia Boulevard",Suihua,China
CECIL,VINES,1,1,"548 Uruapan Street",London,"United Kingdom"
DUANE,TUBBS,2,1,"962 Tama Loop",Yangor,Nauru
FRANKLIN,TROUTMAN,2,1,"1778 Gijn Manor",Zaoyang,China
ANDRE,RAPP,1,1,"568 Dhule (Dhulia) Loop",Coquimbo,Chile
ELMER,NOE,2,1,"1768 Udine Loop",Battambang,Cambodia
BRAD,MCCURDY,2,1,"608 Birgunj Parkway",Chungho,Taiwan
GABRIEL,HARDER,1,1,"680 A Corua (La Corua) Manor",Sivas,Turkey
RON,DELUCA,2,1,"1949 Sanya Street",Isesaki,Japan
MITCHELL,WESTMORELAND,2,1,"617 Klerksdorp Place","Nha Trang",Vietnam
ROLAND,SOUTH,2,1,"1993 0 Loop",Yingkou,China
ARNOLD,HAVENS,2,1,"1176 Southend-on-Sea Manor","Santa Rosa",Philippines
HARVEY,GUAJARDO,1,1,"600 Purnea (Purnia) Avenue",Vinh,Vietnam
JARED,ELY,1,1,"1003 Qinhuangdao Street",Purwakarta,Indonesia
ADRIAN,CLARY,2,1,"1986 Sivas Place",Udine,Italy
KARL,SEAL,2,1,"1427 Tabuk Place","Cape Coral","United States"
CORY,MEEHAN,1,1,"556 Asuncin Way",Mogiljov,Belarus
CLAUDE,HERZOG,1,1,"486 Ondo Parkway",Benguela,Angola
ERIK,GUILLEN,2,1,"635 Brest Manor",Bhimavaram,India
DARRYL,ASHCRAFT,2,1,"166 Jinchang Street",Ezeiza,Argentina
JAMIE,WAUGH,2,1,"958 Sagamihara Lane",Kuwana,Japan
NEIL,RENNER,2,1,"1817 Livorno Way","Cam Ranh",Vietnam
JESSIE,MILAM,1,1,"1332 Gaziantep Lane",Binzhou,China
CHRISTIAN,JUNG,1,0,"949 Allende Lane",Amroha,India
JAVIER,ELROD,1,1,"195 Ilorin Street",NDjamna,Chad
FERNANDO,CHURCHILL,2,1,"193 Bhusawal Place",Tonghae,"South Korea"
CLINTON,BUFORD,2,1,"43 Vilnius Manor",Aurora,"United States"
TED,BREAUX,2,1,"183 Haiphong Street",Baicheng,China
MATHEW,BOLIN,1,1,"163 Augusta-Richmond County Loop",Valencia,Venezuela
TYRONE,ASHER,1,1,"191 Jos Azueta Parkway",Ruse,Bulgaria
DARREN,WINDHAM,2,1,"379 Lublin Parkway",Livorno,Italy
LONNIE,TIRADO,2,1,"1658 Cuman Loop","Pangkal Pinang",Indonesia
LANCE,PEMBERTON,1,1,"454 Qinhuangdao Drive",Beni-Mellal,Morocco
CODY,NOLEN,2,1,"1715 Okayama Street","So Bernardo do Campo",Brazil
JULIO,NOLAND,2,1,"182 Nukualofa Drive",Konotop,Ukraine
KELLY,KNOTT,1,1,"390 Wroclaw Way",Sanya,China
KURT,EMMONS,1,1,"1421 Quilmes Lane",Kanazawa,Japan
ALLAN,CORNISH,1,1,"947 Trshavn Place",Tarlac,Philippines
NELSON,CHRISTENSON,1,1,"1764 Jalib al-Shuyukh Parkway","Santiago de Compostela",Spain
GUY,BROWNLEE,2,1,"346 Cam Ranh Avenue",Zhoushan,China
CLAYTON,BARBEE,2,1,"1407 Pachuca de Soto Place",Alvorada,Brazil
HUGH,WALDROP,2,1,"904 Clarksville Drive",Haining,China
MAX,PITT,1,1,"1917 Kumbakonam Parkway","Novi Sad",Yugoslavia
DWAYNE,OLVERA,1,1,"1447 Imus Place",Rajkot,India
DWIGHT,LOMBARDI,1,1,"1497 Fengshan Drive",Chatsworth,"South Africa"
ARMANDO,GRUBER,2,1,"869 Shikarpur Way",Southport,"United Kingdom"
FELIX,GAFFNEY,1,1,"1059 Yuncheng Avenue",Vilnius,Lithuania
JIMMIE,EGGLESTON,1,0,"505 Madiun Boulevard",Wroclaw,Poland
EVERETT,BANDA,2,1,"1741 Hoshiarpur Boulevard",Bilbays,Egypt
JORDAN,ARCHULETA,1,1,"1229 Varanasi (Benares) Manor",Avellaneda,Argentina
IAN,STILL,2,1,"1894 Boa Vista Way",Garland,"United States"
WALLACE,SLONE,1,1,"1342 Sharja Way",Sokoto,Nigeria
KEN,PREWITT,2,1,"1342 Abha Boulevard",Bucuresti,Romania
BOB,PFEIFFER,2,1,"415 Pune Avenue",Xintai,China
JAIME,NETTLES,2,1,"1746 Faaa Way",Hunuco,Peru
CASEY,MENA,1,1,"539 Hami Way",Tokat,Turkey
ALFREDO,MCADAMS,2,1,"1407 Surakarta Manor",Serpuhov,"Russian Federation"
ALBERTO,HENNING,2,1,"502 Mandi Bahauddin Parkway",Barcelona,Venezuela
DAVE,GARDINER,2,1,"1052 Pathankot Avenue",Leshan,China
IVAN,CROMWELL,2,1,"1351 Sousse Lane",Monclova,Mexico
JOHNNIE,CHISHOLM,2,1,"1501 Pangkal Pinang Avenue",Plock,Poland
SIDNEY,BURLESON,1,1,"1405 Hagonoy Avenue",Czestochowa,Poland
BYRON,BOX,1,1,"521 San Juan Bautista Tuxtepec Place",Zhezqazghan,Kazakstan
JULIAN,VEST,2,1,"923 Tangail Boulevard",Akishima,Japan
ISAAC,OGLESBY,2,1,"186 Skikda Lane",Cuernavaca,Mexico
MORRIS,MCCARTER,2,1,"1568 Celaya Parkway",Fengshan,Taiwan
CLIFTON,MALCOLM,2,1,"1489 Kakamigahara Lane",Tanshui,Taiwan
WILLARD,LUMPKIN,2,1,"1819 Alessandria Loop",Carmen,Mexico
DARYL,LARUE,2,1,"1208 Tama Loop",Mosul,Iraq
ROSS,GREY,1,1,"951 Springs Lane",Iligan,Philippines
VIRGIL,WOFFORD,1,1,"760 Miyakonojo Drive","Jos Azueta",Mexico
ANDY,VANHORN,2,1,"966 Asuncin Way","Huejutla de Reyes",Mexico
MARSHALL,THORN,1,1,"1584 Ljubertsy Lane",Southampton,"United Kingdom"
SALVADOR,TEEL,2,1,"247 Jining Parkway",Banjul,Gambia
PERRY,SWAFFORD,1,1,"773 Dallas Manor",Quilmes,Argentina
KIRK,STCLAIR,1,1,"1923 Stara Zagora Lane",Tsaotun,Taiwan
SERGIO,STANFIELD,1,1,"1402 Zanzibar Boulevard",Celaya,Mexico
MARION,OCAMPO,1,1,"1464 Kursk Parkway",Weifang,China
TRACY,HERRMANN,1,1,"1074 Sanaa Parkway",Loja,Ecuador
SETH,HANNON,2,1,"1759 Niznekamsk Avenue",al-Manama,Bahrain
KENT,ARSENAULT,1,1,"32 Liaocheng Way","Juiz de Fora",Brazil
TERRANCE,ROUSH,1,0,"42 Fontana Avenue",Szkesfehrvr,Hungary
RENE,MCALISTER,2,1,"1895 Zhezqazghan Drive","Garden Grove","United States"
EDUARDO,HIATT,1,1,"1837 Kaduna Parkway",Jining,China
TERRENCE,GUNDERSON,1,1,"844 Bucuresti Place",Jinzhou,China
ENRIQUE,FORSYTHE,1,1,"1101 Bucuresti Boulevard",Patras,Greece
FREDDIE,DUGGAN,1,1,"1103 Quilmes Boulevard",Sullana,Peru
WADE,DELVALLE,1,1,"1331 Usak Boulevard",Lausanne,Switzerland
AUSTIN,CINTRON,2,1,"1325 Fukuyama Street",Tieli,China
