store_id,inventory_id,title,rating,rental_rate,replacement_cost
1,1,"ACADEMY DINOSAUR",PG,0.99,20.99
1,2,"ACADEMY DINOSAUR",PG,0.99,20.99
1,3,"ACADEMY DINOSAUR",PG,0.99,20.99
1,4,"ACADEMY DINOSAUR",PG,0.99,20.99
1,16,"AFFAIR PREJUDICE",G,2.99,26.99
1,17,"AFFAIR PREJUDICE",G,2.99,26.99
1,18,"AFFAIR PREJUDICE",G,2.99,26.99
1,19,"AFFAIR PREJUDICE",G,2.99,26.99
1,26,"AGENT TRUMAN",PG,2.99,17.99
1,27,"AGENT TRUMAN",PG,2.99,17.99
1,28,"AGENT TRUMAN",PG,2.99,17.99
1,32,"AIRPLANE SIERRA",PG-13,4.99,28.99
1,33,"AIRPLANE SIERRA",PG-13,4.99,28.99
1,41,"ALABAMA DEVIL",PG-13,2.99,21.99
1,42,"ALABAMA DEVIL",PG-13,2.99,21.99
1,43,"ALABAMA DEVIL",PG-13,2.99,21.99
1,46,"ALADDIN CALENDAR",NC-17,4.99,24.99
1,47,"ALADDIN CALENDAR",NC-17,4.99,24.99
1,48,"ALADDIN CALENDAR",NC-17,4.99,24.99
1,49,"ALADDIN CALENDAR",NC-17,4.99,24.99
1,53,"ALAMO VIDEOTAPE",G,0.99,16.99
1,54,"ALAMO VIDEOTAPE",G,0.99,16.99
1,55,"ALAMO VIDEOTAPE",G,0.99,16.99
1,56,"ALAMO VIDEOTAPE",G,0.99,16.99
1,60,"ALASKA PHANTOM",PG,0.99,22.99
1,61,"ALASKA PHANTOM",PG,0.99,22.99
1,62,"ALASKA PHANTOM",PG,0.99,22.99
1,71,"ALIEN CENTER",NC-17,2.99,10.99
1,72,"ALIEN CENTER",NC-17,2.99,10.99
1,77,"ALLEY EVOLUTION",NC-17,2.99,23.99
1,78,"ALLEY EVOLUTION",NC-17,2.99,23.99
1,81,"ALONE TRIP",R,0.99,14.99
1,82,"ALONE TRIP",R,0.99,14.99
1,83,"ALONE TRIP",R,0.99,14.99
1,87,"ALTER VICTORY",PG-13,0.99,27.99
1,88,"ALTER VICTORY",PG-13,0.99,27.99
1,89,"ALTER VICTORY",PG-13,0.99,27.99
1,93,"AMADEUS HOLY",PG,0.99,20.99
1,94,"AMADEUS HOLY",PG,0.99,20.99
1,95,"AMADEUS HOLY",PG,0.99,20.99
1,96,"AMADEUS HOLY",PG,0.99,20.99
1,99,"AMELIE HELLFIGHTERS",R,4.99,23.99
1,100,"AMELIE HELLFIGHTERS",R,4.99,23.99
1,101,"AMELIE HELLFIGHTERS",R,4.99,23.99
1,102,"AMERICAN CIRCUS",R,4.99,17.99
1,103,"AMERICAN CIRCUS",R,4.99,17.99
1,108,"AMISTAD MIDSUMMER",G,2.99,10.99
1,109,"AMISTAD MIDSUMMER",G,2.99,10.99
1,110,"AMISTAD MIDSUMMER",G,2.99,10.99
1,111,"AMISTAD MIDSUMMER",G,2.99,10.99
1,115,"ANACONDA CONFESSIONS",R,0.99,9.99
1,116,"ANACONDA CONFESSIONS",R,0.99,9.99
1,117,"ANACONDA CONFESSIONS",R,0.99,9.99
1,120,"ANALYZE HOOSIERS",R,2.99,19.99
1,121,"ANALYZE HOOSIERS",R,2.99,19.99
1,122,"ANALYZE HOOSIERS",R,2.99,19.99
1,123,"ANALYZE HOOSIERS",R,2.99,19.99
1,124,"ANGELS LIFE",G,2.99,15.99
1,125,"ANGELS LIFE",G,2.99,15.99
1,126,"ANGELS LIFE",G,2.99,15.99
1,127,"ANGELS LIFE",G,2.99,15.99
1,130,"ANNIE IDENTITY",G,0.99,15.99
1,131,"ANNIE IDENTITY",G,0.99,15.99
1,135,"ANONYMOUS HUMAN",NC-17,0.99,12.99
1,136,"ANONYMOUS HUMAN",NC-17,0.99,12.99
1,137,"ANONYMOUS HUMAN",NC-17,0.99,12.99
1,138,"ANONYMOUS HUMAN",NC-17,0.99,12.99
1,139,"ANTHEM LUKE",PG-13,4.99,16.99
1,140,"ANTHEM LUKE",PG-13,4.99,16.99
1,141,"ANTHEM LUKE",PG-13,4.99,16.99
1,142,"ANTITRUST TOMATOES",NC-17,2.99,11.99
1,143,"ANTITRUST TOMATOES",NC-17,2.99,11.99
1,144,"ANYTHING SAVANNAH",R,2.99,27.99
1,145,"ANYTHING SAVANNAH",R,2.99,27.99
1,146,"APACHE DIVINE",NC-17,4.99,16.99
1,147,"APACHE DIVINE",NC-17,4.99,16.99
1,148,"APACHE DIVINE",NC-17,4.99,16.99
1,149,"APACHE DIVINE",NC-17,4.99,16.99
1,160,"ARACHNOPHOBIA ROLLERCOASTER",PG-13,2.99,24.99
1,161,"ARACHNOPHOBIA ROLLERCOASTER",PG-13,2.99,24.99
1,162,"ARACHNOPHOBIA ROLLERCOASTER",PG-13,2.99,24.99
1,163,"ARACHNOPHOBIA ROLLERCOASTER",PG-13,2.99,24.99
1,167,"ARIZONA BANG",PG,2.99,28.99
1,168,"ARIZONA BANG",PG,2.99,28.99
1,169,"ARIZONA BANG",PG,2.99,28.99
1,170,"ARIZONA BANG",PG,2.99,28.99
1,174,"ARMAGEDDON LOST",G,0.99,10.99
1,175,"ARMAGEDDON LOST",G,0.99,10.99
1,176,"ARMAGEDDON LOST",G,0.99,10.99
1,189,"ATLANTIS CAUSE",G,2.99,15.99
1,190,"ATLANTIS CAUSE",G,2.99,15.99
1,191,"ATLANTIS CAUSE",G,2.99,15.99
1,196,"ATTACKS HATE",PG-13,4.99,21.99
1,197,"ATTACKS HATE",PG-13,4.99,21.99
1,201,"ATTRACTION NEWTON",PG-13,4.99,14.99
1,202,"ATTRACTION NEWTON",PG-13,4.99,14.99
1,203,"ATTRACTION NEWTON",PG-13,4.99,14.99
1,204,"ATTRACTION NEWTON",PG-13,4.99,14.99
1,212,"BACKLASH UNDEFEATED",PG-13,4.99,24.99
1,213,"BACKLASH UNDEFEATED",PG-13,4.99,24.99
1,216,"BADMAN DAWN",R,2.99,22.99
1,217,"BADMAN DAWN",R,2.99,22.99
1,218,"BADMAN DAWN",R,2.99,22.99
1,222,"BAKED CLEOPATRA",G,2.99,20.99
1,223,"BAKED CLEOPATRA",G,2.99,20.99
1,224,"BAKED CLEOPATRA",G,2.99,20.99
1,227,"BALLOON HOMEWARD",NC-17,2.99,10.99
1,228,"BALLOON HOMEWARD",NC-17,2.99,10.99
1,235,"BANG KWAI",NC-17,2.99,25.99
1,236,"BANG KWAI",NC-17,2.99,25.99
1,237,"BANGER PINOCCHIO",R,0.99,15.99
1,238,"BANGER PINOCCHIO",R,0.99,15.99
1,239,"BANGER PINOCCHIO",R,0.99,15.99
1,242,"BARBARELLA STREETCAR",G,2.99,27.99
1,243,"BARBARELLA STREETCAR",G,2.99,27.99
1,244,"BARBARELLA STREETCAR",G,2.99,27.99
1,245,"BARBARELLA STREETCAR",G,2.99,27.99
1,248,"BAREFOOT MANCHURIAN",G,2.99,15.99
1,249,"BAREFOOT MANCHURIAN",G,2.99,15.99
1,250,"BAREFOOT MANCHURIAN",G,2.99,15.99
1,253,"BASIC EASY",PG-13,2.99,18.99
1,254,"BASIC EASY",PG-13,2.99,18.99
1,255,"BASIC EASY",PG-13,2.99,18.99
1,256,"BASIC EASY",PG-13,2.99,18.99
1,264,"BEAR GRACELAND",R,2.99,20.99
1,265,"BEAR GRACELAND",R,2.99,20.99
1,266,"BEAR GRACELAND",R,2.99,20.99
1,269,"BEAST HUNCHBACK",R,4.99,22.99
1,270,"BEAST HUNCHBACK",R,4.99,22.99
1,271,"BEAST HUNCHBACK",R,4.99,22.99
1,272,"BEAUTY GREASE",G,4.99,28.99
1,273,"BEAUTY GREASE",G,4.99,28.99
1,274,"BEAUTY GREASE",G,4.99,28.99
1,275,"BEAUTY GREASE",G,4.99,28.99
1,280,"BEDAZZLED MARRIED",PG,0.99,21.99
1,281,"BEDAZZLED MARRIED",PG,0.99,21.99
1,291,"BENEATH RUSH",NC-17,0.99,27.99
1,292,"BENEATH RUSH",NC-17,0.99,27.99
1,293,"BENEATH RUSH",NC-17,0.99,27.99
1,294,"BERETS AGENT",PG-13,2.99,24.99
1,295,"BERETS AGENT",PG-13,2.99,24.99
1,300,"BETRAYED REAR",NC-17,4.99,26.99
1,301,"BETRAYED REAR",NC-17,4.99,26.99
1,304,"BEVERLY OUTLAW",R,2.99,21.99
1,305,"BEVERLY OUTLAW",R,2.99,21.99
1,306,"BEVERLY OUTLAW",R,2.99,21.99
1,307,"BEVERLY OUTLAW",R,2.99,21.99
1,312,"BIKINI BORROWERS",NC-17,4.99,26.99
1,313,"BIKINI BORROWERS",NC-17,4.99,26.99
1,320,"BILL OTHERS",PG,2.99,12.99
1,321,"BILL OTHERS",PG,2.99,12.99
1,322,"BILL OTHERS",PG,2.99,12.99
1,323,"BILL OTHERS",PG,2.99,12.99
1,326,"BINGO TALENTED",PG-13,2.99,22.99
1,327,"BINGO TALENTED",PG-13,2.99,22.99
1,328,"BINGO TALENTED",PG-13,2.99,22.99
1,329,"BINGO TALENTED",PG-13,2.99,22.99
1,334,"BIRCH ANTITRUST",PG,4.99,18.99
1,335,"BIRCH ANTITRUST",PG,4.99,18.99
1,336,"BIRCH ANTITRUST",PG,4.99,18.99
1,342,"BIRDCAGE CASPER",NC-17,0.99,23.99
1,343,"BIRDCAGE CASPER",NC-17,0.99,23.99
1,344,"BIRDCAGE CASPER",NC-17,0.99,23.99
1,345,"BIRDS PERDITION",G,4.99,15.99
1,346,"BIRDS PERDITION",G,4.99,15.99
1,347,"BIRDS PERDITION",G,4.99,15.99
1,348,"BIRDS PERDITION",G,4.99,15.99
1,351,"BLACKOUT PRIVATE",PG,2.99,12.99
1,352,"BLACKOUT PRIVATE",PG,2.99,12.99
1,353,"BLACKOUT PRIVATE",PG,2.99,12.99
1,358,"BLADE POLISH",PG-13,0.99,10.99
1,359,"BLADE POLISH",PG-13,0.99,10.99
1,360,"BLADE POLISH",PG-13,0.99,10.99
1,364,"BLANKET BEVERLY",G,2.99,21.99
1,365,"BLANKET BEVERLY",G,2.99,21.99
1,366,"BLANKET BEVERLY",G,2.99,21.99
1,367,"BLANKET BEVERLY",G,2.99,21.99
1,368,"BLINDNESS GUN",PG-13,4.99,29.99
1,369,"BLINDNESS GUN",PG-13,4.99,29.99
1,370,"BLINDNESS GUN",PG-13,4.99,29.99
1,371,"BLINDNESS GUN",PG-13,4.99,29.99
1,372,"BLOOD ARGONAUTS",G,0.99,13.99
1,373,"BLOOD ARGONAUTS",G,0.99,13.99
1,374,"BLUES INSTINCT",G,2.99,18.99
1,375,"BLUES INSTINCT",G,2.99,18.99
1,376,"BLUES INSTINCT",G,2.99,18.99
1,379,"BOILED DARES",PG,4.99,13.99
1,380,"BOILED DARES",PG,4.99,13.99
1,381,"BOILED DARES",PG,4.99,13.99
1,382,"BOILED DARES",PG,4.99,13.99
1,387,"BOOGIE AMELIE",R,4.99,11.99
1,388,"BOOGIE AMELIE",R,4.99,11.99
1,389,"BOOGIE AMELIE",R,4.99,11.99
1,390,"BOOGIE AMELIE",R,4.99,11.99
1,399,"BORROWERS BEDAZZLED",G,0.99,22.99
1,400,"BORROWERS BEDAZZLED",G,0.99,22.99
1,401,"BORROWERS BEDAZZLED",G,0.99,22.99
1,405,"BOULEVARD MOB",R,0.99,11.99
1,406,"BOULEVARD MOB",R,0.99,11.99
1,407,"BOULEVARD MOB",R,0.99,11.99
1,411,"BOUND CHEAPER",PG,0.99,17.99
1,412,"BOUND CHEAPER",PG,0.99,17.99
1,413,"BOUND CHEAPER",PG,0.99,17.99
1,414,"BOUND CHEAPER",PG,0.99,17.99
1,419,"BOWFINGER GABLES",NC-17,4.99,19.99
1,420,"BOWFINGER GABLES",NC-17,4.99,19.99
1,426,"BRAVEHEART HUMAN",PG-13,2.99,14.99
1,427,"BRAVEHEART HUMAN",PG-13,2.99,14.99
1,428,"BREAKFAST GOLDFINGER",G,4.99,18.99
1,429,"BREAKFAST GOLDFINGER",G,4.99,18.99
1,433,"BREAKING HOME",PG-13,2.99,21.99
1,434,"BREAKING HOME",PG-13,2.99,21.99
1,435,"BREAKING HOME",PG-13,2.99,21.99
1,436,"BRIDE INTRIGUE",G,0.99,24.99
1,437,"BRIDE INTRIGUE",G,0.99,24.99
1,438,"BRIDE INTRIGUE",G,0.99,24.99
1,439,"BRIDE INTRIGUE",G,0.99,24.99
1,442,"BRIGHT ENCOUNTERS",PG-13,4.99,12.99
1,443,"BRIGHT ENCOUNTERS",PG-13,4.99,12.99
1,444,"BRIGHT ENCOUNTERS",PG-13,4.99,12.99
1,445,"BRINGING HYSTERICAL",PG,2.99,14.99
1,446,"BRINGING HYSTERICAL",PG,2.99,14.99
1,447,"BRINGING HYSTERICAL",PG,2.99,14.99
1,451,"BROOKLYN DESERT",R,4.99,21.99
1,452,"BROOKLYN DESERT",R,4.99,21.99
1,453,"BROOKLYN DESERT",R,4.99,21.99
1,454,"BROOKLYN DESERT",R,4.99,21.99
1,457,"BROTHERHOOD BLANKET",R,0.99,26.99
1,458,"BROTHERHOOD BLANKET",R,0.99,26.99
1,459,"BROTHERHOOD BLANKET",R,0.99,26.99
1,460,"BROTHERHOOD BLANKET",R,0.99,26.99
1,465,"BUCKET BROTHERHOOD",PG,4.99,27.99
1,466,"BUCKET BROTHERHOOD",PG,4.99,27.99
1,467,"BUCKET BROTHERHOOD",PG,4.99,27.99
1,468,"BUCKET BROTHERHOOD",PG,4.99,27.99
1,476,"BULL SHAWSHANK",NC-17,0.99,21.99
1,477,"BULL SHAWSHANK",NC-17,0.99,21.99
1,481,"BULWORTH COMMANDMENTS",G,2.99,14.99
1,482,"BULWORTH COMMANDMENTS",G,2.99,14.99
1,485,"BUTTERFLY CHOCOLAT",G,0.99,17.99
1,486,"BUTTERFLY CHOCOLAT",G,0.99,17.99
1,487,"BUTTERFLY CHOCOLAT",G,0.99,17.99
1,488,"BUTTERFLY CHOCOLAT",G,0.99,17.99
1,493,"CABIN FLASH",NC-17,0.99,25.99
1,494,"CABIN FLASH",NC-17,0.99,25.99
1,495,"CABIN FLASH",NC-17,0.99,25.99
1,496,"CABIN FLASH",NC-17,0.99,25.99
1,501,"CALENDAR GUNFIGHT",NC-17,4.99,22.99
1,502,"CALENDAR GUNFIGHT",NC-17,4.99,22.99
1,503,"CALENDAR GUNFIGHT",NC-17,4.99,22.99
1,504,"CALENDAR GUNFIGHT",NC-17,4.99,22.99
1,512,"CAMELOT VACATION",NC-17,0.99,26.99
1,513,"CAMELOT VACATION",NC-17,0.99,26.99
1,514,"CAMELOT VACATION",NC-17,0.99,26.99
1,515,"CAMELOT VACATION",NC-17,0.99,26.99
1,519,"CAMPUS REMEMBER",R,2.99,27.99
1,520,"CAMPUS REMEMBER",R,2.99,27.99
1,521,"CAMPUS REMEMBER",R,2.99,27.99
1,526,"CANDIDATE PERDITION",R,2.99,10.99
1,527,"CANDIDATE PERDITION",R,2.99,10.99
1,532,"CANDLES GRAPES",NC-17,4.99,15.99
1,533,"CANDLES GRAPES",NC-17,4.99,15.99
1,534,"CANDLES GRAPES",NC-17,4.99,15.99
1,535,"CANDLES GRAPES",NC-17,4.99,15.99
1,538,"CANYON STOCK",R,0.99,26.99
1,539,"CANYON STOCK",R,0.99,26.99
1,540,"CANYON STOCK",R,0.99,26.99
1,541,"CANYON STOCK",R,0.99,26.99
1,544,"CAPER MOTIONS",G,0.99,22.99
1,545,"CAPER MOTIONS",G,0.99,22.99
1,546,"CAPER MOTIONS",G,0.99,22.99
1,551,"CARIBBEAN LIBERTY",NC-17,4.99,16.99
1,552,"CARIBBEAN LIBERTY",NC-17,4.99,16.99
1,553,"CARIBBEAN LIBERTY",NC-17,4.99,16.99
1,554,"CAROL TEXAS",PG,2.99,15.99
1,555,"CAROL TEXAS",PG,2.99,15.99
1,556,"CAROL TEXAS",PG,2.99,15.99
1,560,"CARRIE BUNCH",PG,0.99,11.99
1,561,"CARRIE BUNCH",PG,0.99,11.99
1,562,"CARRIE BUNCH",PG,0.99,11.99
1,563,"CARRIE BUNCH",PG,0.99,11.99
1,567,"CASABLANCA SUPER",G,4.99,22.99
1,568,"CASABLANCA SUPER",G,4.99,22.99
1,580,"CAT CONEHEADS",G,4.99,14.99
1,581,"CAT CONEHEADS",G,4.99,14.99
1,582,"CAT CONEHEADS",G,4.99,14.99
1,583,"CAT CONEHEADS",G,4.99,14.99
1,588,"CAUSE DATE",R,2.99,16.99
1,589,"CAUSE DATE",R,2.99,16.99
1,590,"CAUSE DATE",R,2.99,16.99
1,594,"CELEBRITY HORN",PG-13,0.99,24.99
1,595,"CELEBRITY HORN",PG-13,0.99,24.99
1,600,"CENTER DINOSAUR",PG,4.99,12.99
1,601,"CENTER DINOSAUR",PG,4.99,12.99
1,602,"CENTER DINOSAUR",PG,4.99,12.99
1,603,"CENTER DINOSAUR",PG,4.99,12.99
1,606,"CHAINSAW UPTOWN",PG,0.99,25.99
1,607,"CHAINSAW UPTOWN",PG,0.99,25.99
1,608,"CHAINSAW UPTOWN",PG,0.99,25.99
1,609,"CHAINSAW UPTOWN",PG,0.99,25.99
1,612,"CHAMBER ITALIAN",NC-17,4.99,14.99
1,613,"CHAMBER ITALIAN",NC-17,4.99,14.99
1,619,"CHANCE RESURRECTION",R,2.99,22.99
1,620,"CHANCE RESURRECTION",R,2.99,22.99
1,621,"CHANCE RESURRECTION",R,2.99,22.99
1,626,"CHAPLIN LICENSE",NC-17,2.99,26.99
1,627,"CHAPLIN LICENSE",NC-17,2.99,26.99
1,628,"CHAPLIN LICENSE",NC-17,2.99,26.99
1,633,"CHARIOTS CONSPIRACY",R,2.99,29.99
1,634,"CHARIOTS CONSPIRACY",R,2.99,29.99
1,638,"CHASING FIGHT",PG,4.99,21.99
1,639,"CHASING FIGHT",PG,4.99,21.99
1,640,"CHASING FIGHT",PG,4.99,21.99
1,641,"CHASING FIGHT",PG,4.99,21.99
1,644,"CHEAPER CLYDE",G,0.99,23.99
1,645,"CHEAPER CLYDE",G,0.99,23.99
1,649,"CHICAGO NORTH",PG-13,4.99,11.99
1,650,"CHICAGO NORTH",PG-13,4.99,11.99
1,651,"CHICAGO NORTH",PG-13,4.99,11.99
1,654,"CHICKEN HELLFIGHTERS",PG,0.99,24.99
1,655,"CHICKEN HELLFIGHTERS",PG,0.99,24.99
1,656,"CHICKEN HELLFIGHTERS",PG,0.99,24.99
1,659,"CHILL LUCK",PG,0.99,17.99
1,660,"CHILL LUCK",PG,0.99,17.99
1,661,"CHILL LUCK",PG,0.99,17.99
1,662,"CHILL LUCK",PG,0.99,17.99
1,669,"CHITTY LOCK",G,2.99,24.99
1,670,"CHITTY LOCK",G,2.99,24.99
1,671,"CHITTY LOCK",G,2.99,24.99
1,672,"CHOCOLAT HARRY",NC-17,0.99,16.99
1,673,"CHOCOLAT HARRY",NC-17,0.99,16.99
1,674,"CHOCOLAT HARRY",NC-17,0.99,16.99
1,678,"CHRISTMAS MOONSHINE",NC-17,0.99,21.99
1,679,"CHRISTMAS MOONSHINE",NC-17,0.99,21.99
1,680,"CHRISTMAS MOONSHINE",NC-17,0.99,21.99
1,684,"CIDER DESIRE",PG,2.99,9.99
1,685,"CIDER DESIRE",PG,2.99,9.99
1,690,"CINCINATTI WHISPERER",NC-17,4.99,26.99
1,691,"CINCINATTI WHISPERER",NC-17,4.99,26.99
1,694,"CIRCUS YOUTH",PG-13,2.99,13.99
1,695,"CIRCUS YOUTH",PG-13,2.99,13.99
1,696,"CIRCUS YOUTH",PG-13,2.99,13.99
1,697,"CIRCUS YOUTH",PG-13,2.99,13.99
1,698,"CITIZEN SHREK",G,0.99,18.99
1,699,"CITIZEN SHREK",G,0.99,18.99
1,700,"CITIZEN SHREK",G,0.99,18.99
1,701,"CITIZEN SHREK",G,0.99,18.99
1,702,"CLASH FREDDY",G,2.99,12.99
1,703,"CLASH FREDDY",G,2.99,12.99
1,704,"CLASH FREDDY",G,2.99,12.99
1,709,"CLEOPATRA DEVIL",PG-13,0.99,26.99
1,710,"CLEOPATRA DEVIL",PG-13,0.99,26.99
1,719,"CLONES PINOCCHIO",R,2.99,16.99
1,720,"CLONES PINOCCHIO",R,2.99,16.99
1,724,"CLOSER BANG",R,4.99,12.99
1,725,"CLOSER BANG",R,4.99,12.99
1,726,"CLOSER BANG",R,4.99,12.99
1,727,"CLOSER BANG",R,4.99,12.99
1,731,"CLUB GRAFFITI",PG-13,0.99,12.99
1,732,"CLUB GRAFFITI",PG-13,0.99,12.99
1,736,"CLUE GRAIL",NC-17,4.99,27.99
1,737,"CLUE GRAIL",NC-17,4.99,27.99
1,738,"CLUELESS BUCKET",R,2.99,13.99
1,739,"CLUELESS BUCKET",R,2.99,13.99
1,740,"CLUELESS BUCKET",R,2.99,13.99
1,748,"COAST RAINBOW",PG,0.99,20.99
1,749,"COAST RAINBOW",PG,0.99,20.99
1,753,"COLDBLOODED DARLING",G,4.99,27.99
1,754,"COLDBLOODED DARLING",G,4.99,27.99
1,755,"COLDBLOODED DARLING",G,4.99,27.99
1,758,"COLOR PHILADELPHIA",G,2.99,19.99
1,759,"COLOR PHILADELPHIA",G,2.99,19.99
1,760,"COLOR PHILADELPHIA",G,2.99,19.99
1,761,"COLOR PHILADELPHIA",G,2.99,19.99
1,764,"COMA HEAD",NC-17,4.99,10.99
1,765,"COMA HEAD",NC-17,4.99,10.99
1,766,"COMA HEAD",NC-17,4.99,10.99
1,767,"COMA HEAD",NC-17,4.99,10.99
1,771,"COMANCHEROS ENEMY",R,0.99,23.99
1,772,"COMANCHEROS ENEMY",R,0.99,23.99
1,773,"COMFORTS RUSH",NC-17,2.99,19.99
1,774,"COMFORTS RUSH",NC-17,2.99,19.99
1,777,"COMMAND DARLING",PG-13,4.99,28.99
1,778,"COMMAND DARLING",PG-13,4.99,28.99
1,783,"CONEHEADS SMOOCHY",NC-17,4.99,12.99
1,784,"CONEHEADS SMOOCHY",NC-17,4.99,12.99
1,785,"CONEHEADS SMOOCHY",NC-17,4.99,12.99
1,786,"CONEHEADS SMOOCHY",NC-17,4.99,12.99
1,790,"CONFESSIONS MAGUIRE",PG-13,4.99,25.99
1,791,"CONFESSIONS MAGUIRE",PG-13,4.99,25.99
1,792,"CONFESSIONS MAGUIRE",PG-13,4.99,25.99
1,795,"CONFIDENTIAL INTERVIEW",NC-17,4.99,13.99
1,796,"CONFIDENTIAL INTERVIEW",NC-17,4.99,13.99
1,797,"CONFIDENTIAL INTERVIEW",NC-17,4.99,13.99
1,798,"CONFIDENTIAL INTERVIEW",NC-17,4.99,13.99
1,803,"CONFUSED CANDLES",PG-13,2.99,27.99
1,804,"CONFUSED CANDLES",PG-13,2.99,27.99
1,808,"CONGENIALITY QUEST",PG-13,0.99,21.99
1,809,"CONGENIALITY QUEST",PG-13,0.99,21.99
1,817,"CONNECTION MICROCOSMOS",G,0.99,25.99
1,818,"CONNECTION MICROCOSMOS",G,0.99,25.99
1,819,"CONQUERER NUTS",G,4.99,14.99
1,820,"CONQUERER NUTS",G,4.99,14.99
1,821,"CONQUERER NUTS",G,4.99,14.99
1,822,"CONQUERER NUTS",G,4.99,14.99
1,825,"CONTACT ANONYMOUS",PG-13,2.99,10.99
1,826,"CONTACT ANONYMOUS",PG-13,2.99,10.99
1,827,"CONTACT ANONYMOUS",PG-13,2.99,10.99
1,832,"CONTROL ANTHEM",G,4.99,9.99
1,833,"CONTROL ANTHEM",G,4.99,9.99
1,834,"CONVERSATION DOWNHILL",R,4.99,14.99
1,835,"CONVERSATION DOWNHILL",R,4.99,14.99
1,836,"CONVERSATION DOWNHILL",R,4.99,14.99
1,840,"CORE SUIT",PG-13,2.99,24.99
1,841,"CORE SUIT",PG-13,2.99,24.99
1,845,"COWBOY DOOM",PG,2.99,10.99
1,846,"COWBOY DOOM",PG,2.99,10.99
1,847,"CRAFT OUTFIELD",NC-17,0.99,17.99
1,848,"CRAFT OUTFIELD",NC-17,0.99,17.99
1,854,"CRAZY HOME",PG,2.99,24.99
1,855,"CRAZY HOME",PG,2.99,24.99
1,856,"CRAZY HOME",PG,2.99,24.99
1,857,"CREATURES SHAKESPEARE",NC-17,0.99,23.99
1,858,"CREATURES SHAKESPEARE",NC-17,0.99,23.99
1,867,"CROOKED FROGMEN",PG-13,0.99,27.99
1,868,"CROOKED FROGMEN",PG-13,0.99,27.99
1,869,"CROOKED FROGMEN",PG-13,0.99,27.99
1,873,"CROSSROADS CASUALTIES",G,2.99,20.99
1,874,"CROSSROADS CASUALTIES",G,2.99,20.99
1,875,"CROSSROADS CASUALTIES",G,2.99,20.99
1,876,"CROSSROADS CASUALTIES",G,2.99,20.99
1,881,"CROW GREASE",PG,0.99,22.99
1,882,"CROW GREASE",PG,0.99,22.99
1,885,"CRUELTY UNFORGIVEN",G,0.99,29.99
1,886,"CRUELTY UNFORGIVEN",G,0.99,29.99
1,887,"CRUSADE HONEY",R,2.99,27.99
1,888,"CRUSADE HONEY",R,2.99,27.99
1,889,"CUPBOARD SINNERS",R,2.99,29.99
1,890,"CUPBOARD SINNERS",R,2.99,29.99
1,891,"CUPBOARD SINNERS",R,2.99,29.99
1,892,"CUPBOARD SINNERS",R,2.99,29.99
1,897,"CURTAIN VIDEOTAPE",PG-13,0.99,27.99
1,898,"CURTAIN VIDEOTAPE",PG-13,0.99,27.99
1,899,"CURTAIN VIDEOTAPE",PG-13,0.99,27.99
1,900,"CURTAIN VIDEOTAPE",PG-13,0.99,27.99
1,905,"CYCLONE FAMILY",PG,2.99,18.99
1,906,"CYCLONE FAMILY",PG,2.99,18.99
1,907,"CYCLONE FAMILY",PG,2.99,18.99
1,908,"CYCLONE FAMILY",PG,2.99,18.99
1,909,"DADDY PITTSBURGH",G,4.99,26.99
1,910,"DADDY PITTSBURGH",G,4.99,26.99
1,911,"DADDY PITTSBURGH",G,4.99,26.99
1,916,"DALMATIONS SWEDEN",PG,0.99,25.99
1,917,"DALMATIONS SWEDEN",PG,0.99,25.99
1,918,"DALMATIONS SWEDEN",PG,0.99,25.99
1,919,"DALMATIONS SWEDEN",PG,0.99,25.99
1,922,"DANCES NONE",NC-17,0.99,22.99
1,923,"DANCES NONE",NC-17,0.99,22.99
1,924,"DANCES NONE",NC-17,0.99,22.99
1,925,"DANCES NONE",NC-17,0.99,22.99
1,926,"DANCING FEVER",G,0.99,25.99
1,927,"DANCING FEVER",G,0.99,25.99
1,928,"DANCING FEVER",G,0.99,25.99
1,929,"DANCING FEVER",G,0.99,25.99
1,934,"DANGEROUS UPTOWN",PG,4.99,26.99
1,935,"DANGEROUS UPTOWN",PG,4.99,26.99
1,936,"DANGEROUS UPTOWN",PG,4.99,26.99
1,937,"DANGEROUS UPTOWN",PG,4.99,26.99
1,938,"DARES PLUTO",PG-13,2.99,16.99
1,939,"DARES PLUTO",PG-13,2.99,16.99
1,940,"DARES PLUTO",PG-13,2.99,16.99
1,941,"DARKNESS WAR",NC-17,2.99,24.99
1,942,"DARKNESS WAR",NC-17,2.99,24.99
1,943,"DARKNESS WAR",NC-17,2.99,24.99
1,944,"DARKNESS WAR",NC-17,2.99,24.99
1,948,"DARLING BREAKING",PG-13,4.99,20.99
1,949,"DARLING BREAKING",PG-13,4.99,20.99
1,950,"DARN FORRESTER",G,4.99,14.99
1,951,"DARN FORRESTER",G,4.99,14.99
1,952,"DARN FORRESTER",G,4.99,14.99
1,955,"DATE SPEED",R,0.99,19.99
1,956,"DATE SPEED",R,0.99,19.99
1,957,"DATE SPEED",R,0.99,19.99
1,958,"DATE SPEED",R,0.99,19.99
1,963,"DAWN POND",PG,4.99,27.99
1,964,"DAWN POND",PG,4.99,27.99
1,965,"DAWN POND",PG,4.99,27.99
1,969,"DAY UNFAITHFUL",G,4.99,16.99
1,970,"DAY UNFAITHFUL",G,4.99,16.99
1,974,"DECEIVER BETRAYED",NC-17,0.99,22.99
1,975,"DECEIVER BETRAYED",NC-17,0.99,22.99
1,976,"DECEIVER BETRAYED",NC-17,0.99,22.99
1,977,"DECEIVER BETRAYED",NC-17,0.99,22.99
1,981,"DEEP CRUSADE",PG-13,4.99,20.99
1,982,"DEEP CRUSADE",PG-13,4.99,20.99
1,983,"DEEP CRUSADE",PG-13,4.99,20.99
1,984,"DEEP CRUSADE",PG-13,4.99,20.99
1,985,"DEER VIRGINIAN",NC-17,2.99,13.99
1,986,"DEER VIRGINIAN",NC-17,2.99,13.99
1,987,"DEER VIRGINIAN",NC-17,2.99,13.99
1,988,"DEER VIRGINIAN",NC-17,2.99,13.99
1,993,"DESERT POSEIDON",R,4.99,27.99
1,994,"DESERT POSEIDON",R,4.99,27.99
1,1001,"DESPERATE TRAINSPOTTING",G,4.99,29.99
1,1002,"DESPERATE TRAINSPOTTING",G,4.99,29.99
1,1003,"DESTINATION JERK",PG-13,0.99,19.99
1,1004,"DESTINATION JERK",PG-13,0.99,19.99
1,1005,"DESTINATION JERK",PG-13,0.99,19.99
1,1006,"DESTINY SATURDAY",G,4.99,20.99
1,1007,"DESTINY SATURDAY",G,4.99,20.99
1,1011,"DETAILS PACKER",R,4.99,17.99
1,1012,"DETAILS PACKER",R,4.99,17.99
1,1013,"DETAILS PACKER",R,4.99,17.99
1,1016,"DETECTIVE VISION",PG-13,0.99,16.99
1,1017,"DETECTIVE VISION",PG-13,0.99,16.99
1,1018,"DETECTIVE VISION",PG-13,0.99,16.99
1,1023,"DEVIL DESIRE",R,4.99,12.99
1,1024,"DEVIL DESIRE",R,4.99,12.99
1,1027,"DIARY PANIC",G,2.99,20.99
1,1028,"DIARY PANIC",G,2.99,20.99
1,1029,"DINOSAUR SECRETARY",R,2.99,27.99
1,1030,"DINOSAUR SECRETARY",R,2.99,27.99
1,1031,"DINOSAUR SECRETARY",R,2.99,27.99
1,1032,"DINOSAUR SECRETARY",R,2.99,27.99
1,1037,"DIRTY ACE",NC-17,2.99,29.99
1,1038,"DIRTY ACE",NC-17,2.99,29.99
1,1039,"DIRTY ACE",NC-17,2.99,29.99
1,1042,"DISCIPLE MOTHER",PG,0.99,17.99
1,1043,"DISCIPLE MOTHER",PG,0.99,17.99
1,1044,"DISCIPLE MOTHER",PG,0.99,17.99
1,1045,"DISCIPLE MOTHER",PG,0.99,17.99
1,1048,"DISTURBING SCARFACE",R,2.99,27.99
1,1049,"DISTURBING SCARFACE",R,2.99,27.99
1,1050,"DISTURBING SCARFACE",R,2.99,27.99
1,1051,"DISTURBING SCARFACE",R,2.99,27.99
1,1055,"DIVIDE MONSTER",PG-13,2.99,13.99
1,1056,"DIVIDE MONSTER",PG-13,2.99,13.99
1,1065,"DIVORCE SHINING",G,2.99,21.99
1,1066,"DIVORCE SHINING",G,2.99,21.99
1,1067,"DOCTOR GRAIL",G,2.99,29.99
1,1068,"DOCTOR GRAIL",G,2.99,29.99
1,1069,"DOGMA FAMILY",G,4.99,16.99
1,1070,"DOGMA FAMILY",G,4.99,16.99
1,1071,"DOGMA FAMILY",G,4.99,16.99
1,1072,"DOGMA FAMILY",G,4.99,16.99
1,1080,"DONNIE ALLEY",NC-17,0.99,20.99
1,1081,"DONNIE ALLEY",NC-17,0.99,20.99
1,1082,"DONNIE ALLEY",NC-17,0.99,20.99
1,1083,"DONNIE ALLEY",NC-17,0.99,20.99
1,1084,"DOOM DANCING",R,0.99,13.99
1,1085,"DOOM DANCING",R,0.99,13.99
1,1089,"DOORS PRESIDENT",NC-17,4.99,22.99
1,1090,"DOORS PRESIDENT",NC-17,4.99,22.99
1,1095,"DORADO NOTTING",NC-17,4.99,26.99
1,1096,"DORADO NOTTING",NC-17,4.99,26.99
1,1097,"DORADO NOTTING",NC-17,4.99,26.99
1,1098,"DORADO NOTTING",NC-17,4.99,26.99
1,1102,"DOUBLE WRATH",R,0.99,28.99
1,1103,"DOUBLE WRATH",R,0.99,28.99
1,1104,"DOUBLE WRATH",R,0.99,28.99
1,1112,"DOWNHILL ENOUGH",G,0.99,19.99
1,1113,"DOWNHILL ENOUGH",G,0.99,19.99
1,1114,"DOWNHILL ENOUGH",G,0.99,19.99
1,1121,"DRACULA CRYSTAL",G,0.99,26.99
1,1122,"DRACULA CRYSTAL",G,0.99,26.99
1,1131,"DRAGONFLY STRANGERS",NC-17,4.99,19.99
1,1132,"DRAGONFLY STRANGERS",NC-17,4.99,19.99
1,1136,"DREAM PICKUP",PG,2.99,18.99
1,1137,"DREAM PICKUP",PG,2.99,18.99
1,1138,"DREAM PICKUP",PG,2.99,18.99
1,1142,"DRIFTER COMMANDMENTS",PG-13,4.99,18.99
1,1143,"DRIFTER COMMANDMENTS",PG-13,4.99,18.99
1,1144,"DRIFTER COMMANDMENTS",PG-13,4.99,18.99
1,1145,"DRIFTER COMMANDMENTS",PG-13,4.99,18.99
1,1148,"DRIVER ANNIE",PG-13,2.99,11.99
1,1149,"DRIVER ANNIE",PG-13,2.99,11.99
1,1153,"DRIVING POLISH",NC-17,4.99,21.99
1,1154,"DRIVING POLISH",NC-17,4.99,21.99
1,1155,"DRIVING POLISH",NC-17,4.99,21.99
1,1156,"DRIVING POLISH",NC-17,4.99,21.99
1,1169,"DUCK RACER",NC-17,2.99,15.99
1,1170,"DUCK RACER",NC-17,2.99,15.99
1,1175,"DUFFEL APOCALYPSE",G,0.99,13.99
1,1176,"DUFFEL APOCALYPSE",G,0.99,13.99
1,1179,"DURHAM PANKY",R,4.99,14.99
1,1180,"DURHAM PANKY",R,4.99,14.99
1,1181,"DURHAM PANKY",R,4.99,14.99
1,1182,"DURHAM PANKY",R,4.99,14.99
1,1188,"DYING MAKER",PG,4.99,28.99
1,1189,"DYING MAKER",PG,4.99,28.99
1,1190,"DYING MAKER",PG,4.99,28.99
1,1191,"DYING MAKER",PG,4.99,28.99
1,1192,"DYNAMITE TARZAN",PG-13,0.99,27.99
1,1193,"DYNAMITE TARZAN",PG-13,0.99,27.99
1,1194,"DYNAMITE TARZAN",PG-13,0.99,27.99
1,1195,"DYNAMITE TARZAN",PG-13,0.99,27.99
1,1200,"EAGLES PANKY",NC-17,4.99,14.99
1,1201,"EAGLES PANKY",NC-17,4.99,14.99
1,1202,"EAGLES PANKY",NC-17,4.99,14.99
1,1203,"EAGLES PANKY",NC-17,4.99,14.99
1,1208,"EARRING INSTINCT",R,0.99,22.99
1,1209,"EARRING INSTINCT",R,0.99,22.99
1,1214,"EARTH VISION",NC-17,0.99,29.99
1,1215,"EARTH VISION",NC-17,0.99,29.99
1,1216,"EARTH VISION",NC-17,0.99,29.99
1,1221,"EASY GLADIATOR",G,4.99,12.99
1,1222,"EASY GLADIATOR",G,4.99,12.99
1,1223,"EASY GLADIATOR",G,4.99,12.99
1,1226,"EDGE KISSING",NC-17,4.99,9.99
1,1227,"EDGE KISSING",NC-17,4.99,9.99
1,1228,"EDGE KISSING",NC-17,4.99,9.99
1,1229,"EDGE KISSING",NC-17,4.99,9.99
1,1230,"EFFECT GLADIATOR",PG,0.99,14.99
1,1231,"EFFECT GLADIATOR",PG,0.99,14.99
1,1232,"EFFECT GLADIATOR",PG,0.99,14.99
1,1233,"EFFECT GLADIATOR",PG,0.99,14.99
1,1237,"EGG IGBY",PG,2.99,20.99
1,1238,"EGG IGBY",PG,2.99,20.99
1,1239,"EGG IGBY",PG,2.99,20.99
1,1244,"EGYPT TENENBAUMS",PG,0.99,11.99
1,1245,"EGYPT TENENBAUMS",PG,0.99,11.99
1,1246,"EGYPT TENENBAUMS",PG,0.99,11.99
1,1249,"ELEMENT FREDDY",NC-17,4.99,28.99
1,1250,"ELEMENT FREDDY",NC-17,4.99,28.99
1,1251,"ELEMENT FREDDY",NC-17,4.99,28.99
1,1252,"ELEMENT FREDDY",NC-17,4.99,28.99
1,1253,"ELEPHANT TROJAN",PG-13,4.99,24.99
1,1254,"ELEPHANT TROJAN",PG-13,4.99,24.99
1,1255,"ELEPHANT TROJAN",PG-13,4.99,24.99
1,1256,"ELF MURDER",NC-17,4.99,19.99
1,1257,"ELF MURDER",NC-17,4.99,19.99
1,1258,"ELIZABETH SHANE",NC-17,4.99,11.99
1,1259,"ELIZABETH SHANE",NC-17,4.99,11.99
1,1260,"EMPIRE MALKOVICH",G,0.99,26.99
1,1261,"EMPIRE MALKOVICH",G,0.99,26.99
1,1262,"EMPIRE MALKOVICH",G,0.99,26.99
1,1263,"EMPIRE MALKOVICH",G,0.99,26.99
1,1266,"ENCINO ELF",G,0.99,9.99
1,1267,"ENCINO ELF",G,0.99,9.99
1,1272,"ENCOUNTERS CURTAIN",NC-17,0.99,20.99
1,1273,"ENCOUNTERS CURTAIN",NC-17,0.99,20.99
1,1274,"ENCOUNTERS CURTAIN",NC-17,0.99,20.99
1,1278,"ENDING CROWDS",NC-17,0.99,10.99
1,1279,"ENDING CROWDS",NC-17,0.99,10.99
1,1280,"ENDING CROWDS",NC-17,0.99,10.99
1,1281,"ENEMY ODDS",NC-17,4.99,23.99
1,1282,"ENEMY ODDS",NC-17,4.99,23.99
1,1283,"ENEMY ODDS",NC-17,4.99,23.99
1,1288,"ENGLISH BULWORTH",PG-13,0.99,18.99
1,1289,"ENGLISH BULWORTH",PG-13,0.99,18.99
1,1290,"ENGLISH BULWORTH",PG-13,0.99,18.99
1,1295,"ENOUGH RAGING",NC-17,2.99,16.99
1,1296,"ENOUGH RAGING",NC-17,2.99,16.99
1,1300,"ENTRAPMENT SATISFACTION",R,0.99,19.99
1,1301,"ENTRAPMENT SATISFACTION",R,0.99,19.99
1,1304,"ESCAPE METROPOLIS",R,2.99,20.99
1,1305,"ESCAPE METROPOLIS",R,2.99,20.99
1,1310,"EVE RESURRECTION",G,4.99,25.99
1,1311,"EVE RESURRECTION",G,4.99,25.99
1,1312,"EVERYONE CRAFT",PG,0.99,29.99
1,1313,"EVERYONE CRAFT",PG,0.99,29.99
1,1314,"EVERYONE CRAFT",PG,0.99,29.99
1,1315,"EVOLUTION ALTER",PG-13,0.99,10.99
1,1316,"EVOLUTION ALTER",PG-13,0.99,10.99
1,1317,"EVOLUTION ALTER",PG-13,0.99,10.99
1,1318,"EVOLUTION ALTER",PG-13,0.99,10.99
1,1319,"EXCITEMENT EVE",G,0.99,20.99
1,1320,"EXCITEMENT EVE",G,0.99,20.99
1,1321,"EXCITEMENT EVE",G,0.99,20.99
1,1325,"EXORCIST STING",G,2.99,17.99
1,1326,"EXORCIST STING",G,2.99,17.99
1,1330,"EXPECATIONS NATURAL",PG-13,4.99,26.99
1,1331,"EXPECATIONS NATURAL",PG-13,4.99,26.99
1,1335,"EXPENDABLE STALLION",PG,0.99,14.99
1,1336,"EXPENDABLE STALLION",PG,0.99,14.99
1,1337,"EXPENDABLE STALLION",PG,0.99,14.99
1,1338,"EXPENDABLE STALLION",PG,0.99,14.99
1,1343,"EXPRESS LONELY",R,2.99,23.99
1,1344,"EXPRESS LONELY",R,2.99,23.99
1,1345,"EXPRESS LONELY",R,2.99,23.99
1,1346,"EXPRESS LONELY",R,2.99,23.99
1,1349,"EYES DRIVING",PG-13,2.99,13.99
1,1350,"EYES DRIVING",PG-13,2.99,13.99
1,1354,"FACTORY DRAGON",PG-13,0.99,9.99
1,1355,"FACTORY DRAGON",PG-13,0.99,9.99
1,1356,"FACTORY DRAGON",PG-13,0.99,9.99
1,1357,"FACTORY DRAGON",PG-13,0.99,9.99
1,1358,"FALCON VOLUME",PG-13,4.99,21.99
1,1359,"FALCON VOLUME",PG-13,4.99,21.99
1,1364,"FAMILY SWEET",R,0.99,24.99
1,1365,"FAMILY SWEET",R,0.99,24.99
1,1366,"FAMILY SWEET",R,0.99,24.99
1,1367,"FAMILY SWEET",R,0.99,24.99
1,1372,"FANTASIA PARK",G,2.99,29.99
1,1373,"FANTASIA PARK",G,2.99,29.99
1,1378,"FANTASY TROOPERS",PG-13,0.99,27.99
1,1379,"FANTASY TROOPERS",PG-13,0.99,27.99
1,1380,"FANTASY TROOPERS",PG-13,0.99,27.99
1,1381,"FANTASY TROOPERS",PG-13,0.99,27.99
1,1384,"FARGO GANDHI",G,2.99,28.99
1,1385,"FARGO GANDHI",G,2.99,28.99
1,1386,"FARGO GANDHI",G,2.99,28.99
1,1387,"FARGO GANDHI",G,2.99,28.99
1,1390,"FATAL HAUNTED",PG,2.99,24.99
1,1391,"FATAL HAUNTED",PG,2.99,24.99
1,1392,"FATAL HAUNTED",PG,2.99,24.99
1,1393,"FATAL HAUNTED",PG,2.99,24.99
1,1397,"FEATHERS METAL",PG-13,0.99,12.99
1,1398,"FEATHERS METAL",PG-13,0.99,12.99
1,1399,"FEATHERS METAL",PG-13,0.99,12.99
1,1400,"FELLOWSHIP AUTUMN",NC-17,4.99,9.99
1,1401,"FELLOWSHIP AUTUMN",NC-17,4.99,9.99
1,1402,"FELLOWSHIP AUTUMN",NC-17,4.99,9.99
1,1406,"FERRIS MOTHER",PG,2.99,13.99
1,1407,"FERRIS MOTHER",PG,2.99,13.99
1,1410,"FEUD FROGMEN",R,0.99,29.99
1,1411,"FEUD FROGMEN",R,0.99,29.99
1,1416,"FEVER EMPIRE",R,4.99,20.99
1,1417,"FEVER EMPIRE",R,4.99,20.99
1,1418,"FICTION CHRISTMAS",PG,0.99,14.99
1,1419,"FICTION CHRISTMAS",PG,0.99,14.99
1,1420,"FICTION CHRISTMAS",PG,0.99,14.99
1,1428,"FIDELITY DEVIL",G,4.99,11.99
1,1429,"FIDELITY DEVIL",G,4.99,11.99
1,1430,"FIDELITY DEVIL",G,4.99,11.99
1,1431,"FIDELITY DEVIL",G,4.99,11.99
1,1434,"FIGHT JAWBREAKER",R,0.99,13.99
1,1435,"FIGHT JAWBREAKER",R,0.99,13.99
1,1445,"FIREBALL PHILADELPHIA",PG,0.99,25.99
1,1446,"FIREBALL PHILADELPHIA",PG,0.99,25.99
1,1447,"FIREBALL PHILADELPHIA",PG,0.99,25.99
1,1448,"FIREBALL PHILADELPHIA",PG,0.99,25.99
1,1452,"FISH OPUS",R,2.99,22.99
1,1453,"FISH OPUS",R,2.99,22.99
1,1454,"FISH OPUS",R,2.99,22.99
1,1459,"FLAMINGOS CONNECTICUT",PG-13,4.99,28.99
1,1460,"FLAMINGOS CONNECTICUT",PG-13,4.99,28.99
1,1461,"FLAMINGOS CONNECTICUT",PG-13,4.99,28.99
1,1466,"FLASH WARS",NC-17,4.99,21.99
1,1467,"FLASH WARS",NC-17,4.99,21.99
1,1468,"FLASH WARS",NC-17,4.99,21.99
1,1469,"FLASH WARS",NC-17,4.99,21.99
1,1470,"FLATLINERS KILLER",G,2.99,29.99
1,1471,"FLATLINERS KILLER",G,2.99,29.99
1,1472,"FLATLINERS KILLER",G,2.99,29.99
1,1473,"FLATLINERS KILLER",G,2.99,29.99
1,1480,"FLINTSTONES HAPPINESS",PG-13,4.99,11.99
1,1481,"FLINTSTONES HAPPINESS",PG-13,4.99,11.99
1,1482,"FLINTSTONES HAPPINESS",PG-13,4.99,11.99
1,1485,"FLYING HOOK",NC-17,2.99,18.99
1,1486,"FLYING HOOK",NC-17,2.99,18.99
1,1491,"FOOL MOCKINGBIRD",PG,4.99,24.99
1,1492,"FOOL MOCKINGBIRD",PG,4.99,24.99
1,1493,"FOOL MOCKINGBIRD",PG,4.99,24.99
1,1494,"FOOL MOCKINGBIRD",PG,4.99,24.99
1,1501,"FORREST SONS",R,2.99,15.99
1,1502,"FORREST SONS",R,2.99,15.99
1,1503,"FORREST SONS",R,2.99,15.99
1,1507,"FORRESTER COMANCHEROS",NC-17,4.99,22.99
1,1508,"FORRESTER COMANCHEROS",NC-17,4.99,22.99
1,1509,"FORRESTER COMANCHEROS",NC-17,4.99,22.99
1,1510,"FORRESTER COMANCHEROS",NC-17,4.99,22.99
1,1514,"FORWARD TEMPLE",NC-17,2.99,25.99
1,1515,"FORWARD TEMPLE",NC-17,2.99,25.99
1,1516,"FORWARD TEMPLE",NC-17,2.99,25.99
1,1517,"FORWARD TEMPLE",NC-17,2.99,25.99
1,1522,"FREAKY POCUS",R,2.99,16.99
1,1523,"FREAKY POCUS",R,2.99,16.99
1,1526,"FREDDY STORM",NC-17,4.99,21.99
1,1527,"FREDDY STORM",NC-17,4.99,21.99
1,1532,"FREEDOM CLEOPATRA",PG-13,0.99,23.99
1,1533,"FREEDOM CLEOPATRA",PG-13,0.99,23.99
1,1534,"FRENCH HOLIDAY",PG,4.99,22.99
1,1535,"FRENCH HOLIDAY",PG,4.99,22.99
1,1536,"FRENCH HOLIDAY",PG,4.99,22.99
1,1539,"FRIDA SLIPPER",R,2.99,11.99
1,1540,"FRIDA SLIPPER",R,2.99,11.99
1,1549,"FRONTIER CABIN",PG-13,4.99,14.99
1,1550,"FRONTIER CABIN",PG-13,4.99,14.99
1,1551,"FROST HEAD",PG,0.99,13.99
1,1552,"FROST HEAD",PG,0.99,13.99
1,1553,"FROST HEAD",PG,0.99,13.99
1,1554,"FROST HEAD",PG,0.99,13.99
1,1559,"FUGITIVE MAGUIRE",R,4.99,28.99
1,1560,"FUGITIVE MAGUIRE",R,4.99,28.99
1,1561,"FUGITIVE MAGUIRE",R,4.99,28.99
1,1562,"FUGITIVE MAGUIRE",R,4.99,28.99
1,1563,"FULL FLATLINERS",PG,2.99,14.99
1,1564,"FULL FLATLINERS",PG,2.99,14.99
1,1565,"FURY MURDER",PG-13,0.99,28.99
1,1566,"FURY MURDER",PG-13,0.99,28.99
1,1567,"FURY MURDER",PG-13,0.99,28.99
1,1570,"GABLES METROPOLIS",PG,0.99,17.99
1,1571,"GABLES METROPOLIS",PG,0.99,17.99
1,1572,"GABLES METROPOLIS",PG,0.99,17.99
1,1575,"GALAXY SWEETHEARTS",R,4.99,13.99
1,1576,"GALAXY SWEETHEARTS",R,4.99,13.99
1,1581,"GAMES BOWFINGER",PG-13,4.99,17.99
1,1582,"GAMES BOWFINGER",PG-13,4.99,17.99
1,1583,"GAMES BOWFINGER",PG-13,4.99,17.99
1,1584,"GAMES BOWFINGER",PG-13,4.99,17.99
1,1589,"GANGS PRIDE",PG-13,2.99,27.99
1,1590,"GANGS PRIDE",PG-13,2.99,27.99
1,1591,"GANGS PRIDE",PG-13,2.99,27.99
1,1592,"GANGS PRIDE",PG-13,2.99,27.99
1,1596,"GARDEN ISLAND",G,4.99,21.99
1,1597,"GARDEN ISLAND",G,4.99,21.99
1,1598,"GARDEN ISLAND",G,4.99,21.99
1,1599,"GARDEN ISLAND",G,4.99,21.99
1,1604,"GASLIGHT CRUSADE",PG,2.99,10.99
1,1605,"GASLIGHT CRUSADE",PG,2.99,10.99
1,1606,"GASLIGHT CRUSADE",PG,2.99,10.99
1,1614,"GENTLEMEN STAGE",NC-17,2.99,22.99
1,1615,"GENTLEMEN STAGE",NC-17,2.99,22.99
1,1620,"GHOST GROUNDHOG",G,4.99,18.99
1,1621,"GHOST GROUNDHOG",G,4.99,18.99
1,1622,"GHOST GROUNDHOG",G,4.99,18.99
1,1627,"GIANT TROOPERS",R,2.99,10.99
1,1628,"GIANT TROOPERS",R,2.99,10.99
1,1629,"GIANT TROOPERS",R,2.99,10.99
1,1630,"GIANT TROOPERS",R,2.99,10.99
1,1639,"GILMORE BOILED",R,0.99,29.99
1,1640,"GILMORE BOILED",R,0.99,29.99
1,1641,"GILMORE BOILED",R,0.99,29.99
1,1642,"GILMORE BOILED",R,0.99,29.99
1,1647,"GLASS DYING",G,0.99,24.99
1,1648,"GLASS DYING",G,0.99,24.99
1,1649,"GLASS DYING",G,0.99,24.99
1,1650,"GLASS DYING",G,0.99,24.99
1,1651,"GLEAMING JAWBREAKER",NC-17,2.99,25.99
1,1652,"GLEAMING JAWBREAKER",NC-17,2.99,25.99
1,1653,"GLEAMING JAWBREAKER",NC-17,2.99,25.99
1,1654,"GLEAMING JAWBREAKER",NC-17,2.99,25.99
1,1659,"GLORY TRACY",PG-13,2.99,13.99
1,1660,"GLORY TRACY",PG-13,2.99,13.99
1,1661,"GO PURPLE",R,0.99,12.99
1,1662,"GO PURPLE",R,0.99,12.99
1,1663,"GO PURPLE",R,0.99,12.99
1,1667,"GODFATHER DIARY",NC-17,2.99,14.99
1,1668,"GODFATHER DIARY",NC-17,2.99,14.99
1,1669,"GODFATHER DIARY",NC-17,2.99,14.99
1,1670,"GOLD RIVER",R,4.99,21.99
1,1671,"GOLD RIVER",R,4.99,21.99
1,1674,"GOLDFINGER SENSIBILITY",G,0.99,29.99
1,1675,"GOLDFINGER SENSIBILITY",G,0.99,29.99
1,1676,"GOLDFINGER SENSIBILITY",G,0.99,29.99
1,1677,"GOLDFINGER SENSIBILITY",G,0.99,29.99
1,1681,"GOLDMINE TYCOON",R,0.99,20.99
1,1682,"GOLDMINE TYCOON",R,0.99,20.99
1,1683,"GOLDMINE TYCOON",R,0.99,20.99
1,1684,"GOLDMINE TYCOON",R,0.99,20.99
1,1688,"GONE TROUBLE",R,2.99,20.99
1,1689,"GONE TROUBLE",R,2.99,20.99
1,1690,"GOODFELLAS SALUTE",PG,4.99,22.99
1,1691,"GOODFELLAS SALUTE",PG,4.99,22.99
1,1692,"GOODFELLAS SALUTE",PG,4.99,22.99
1,1693,"GOODFELLAS SALUTE",PG,4.99,22.99
1,1698,"GORGEOUS BINGO",R,2.99,26.99
1,1699,"GORGEOUS BINGO",R,2.99,26.99
1,1700,"GORGEOUS BINGO",R,2.99,26.99
1,1703,"GOSFORD DONNIE",G,4.99,17.99
1,1704,"GOSFORD DONNIE",G,4.99,17.99
1,1705,"GOSFORD DONNIE",G,4.99,17.99
1,1706,"GRACELAND DYNAMITE",R,4.99,26.99
1,1707,"GRACELAND DYNAMITE",R,4.99,26.99
1,1708,"GRADUATE LORD",G,2.99,14.99
1,1709,"GRADUATE LORD",G,2.99,14.99
1,1710,"GRADUATE LORD",G,2.99,14.99
1,1713,"GRAFFITI LOVE",PG,0.99,29.99
1,1714,"GRAFFITI LOVE",PG,0.99,29.99
1,1715,"GRAFFITI LOVE",PG,0.99,29.99
1,1720,"GRAIL FRANKENSTEIN",NC-17,2.99,17.99
1,1721,"GRAIL FRANKENSTEIN",NC-17,2.99,17.99
1,1722,"GRAPES FURY",G,0.99,20.99
1,1723,"GRAPES FURY",G,0.99,20.99
1,1724,"GRAPES FURY",G,0.99,20.99
1,1725,"GRAPES FURY",G,0.99,20.99
1,1729,"GREASE YOUTH",G,0.99,20.99
1,1730,"GREASE YOUTH",G,0.99,20.99
1,1731,"GREASE YOUTH",G,0.99,20.99
1,1735,"GREATEST NORTH",NC-17,2.99,24.99
1,1736,"GREATEST NORTH",NC-17,2.99,24.99
1,1737,"GREATEST NORTH",NC-17,2.99,24.99
1,1738,"GREATEST NORTH",NC-17,2.99,24.99
1,1747,"GREEK EVERYONE",PG,2.99,11.99
1,1748,"GREEK EVERYONE",PG,2.99,11.99
1,1752,"GRINCH MASSAGE",R,4.99,25.99
1,1753,"GRINCH MASSAGE",R,4.99,25.99
1,1757,"GRIT CLOCKWORK",PG,0.99,21.99
1,1758,"GRIT CLOCKWORK",PG,0.99,21.99
1,1759,"GRIT CLOCKWORK",PG,0.99,21.99
1,1760,"GRIT CLOCKWORK",PG,0.99,21.99
1,1765,"GROOVE FICTION",NC-17,0.99,13.99
1,1766,"GROOVE FICTION",NC-17,0.99,13.99
1,1767,"GROOVE FICTION",NC-17,0.99,13.99
1,1773,"GROUNDHOG UNCUT",PG-13,4.99,26.99
1,1774,"GROUNDHOG UNCUT",PG-13,4.99,26.99
1,1778,"GUN BONNIE",G,0.99,27.99
1,1779,"GUN BONNIE",G,0.99,27.99
1,1780,"GUN BONNIE",G,0.99,27.99
1,1784,"GUNFIGHT MOON",NC-17,0.99,16.99
1,1785,"GUNFIGHT MOON",NC-17,0.99,16.99
1,1786,"GUNFIGHT MOON",NC-17,0.99,16.99
1,1790,"GUNFIGHTER MUSSOLINI",PG-13,2.99,9.99
1,1791,"GUNFIGHTER MUSSOLINI",PG-13,2.99,9.99
1,1794,"GUYS FALCON",R,4.99,20.99
1,1795,"GUYS FALCON",R,4.99,20.99
1,1796,"GUYS FALCON",R,4.99,20.99
1,1797,"HALF OUTFIELD",PG-13,2.99,25.99
1,1798,"HALF OUTFIELD",PG-13,2.99,25.99
1,1799,"HALF OUTFIELD",PG-13,2.99,25.99
1,1800,"HALF OUTFIELD",PG-13,2.99,25.99
1,1804,"HALL CASSIDY",NC-17,4.99,13.99
1,1805,"HALL CASSIDY",NC-17,4.99,13.99
1,1806,"HALL CASSIDY",NC-17,4.99,13.99
1,1807,"HALL CASSIDY",NC-17,4.99,13.99
1,1810,"HALLOWEEN NUTS",PG-13,2.99,19.99
1,1811,"HALLOWEEN NUTS",PG-13,2.99,19.99
1,1812,"HAMLET WISDOM",R,2.99,21.99
1,1813,"HAMLET WISDOM",R,2.99,21.99
1,1814,"HAMLET WISDOM",R,2.99,21.99
1,1815,"HAMLET WISDOM",R,2.99,21.99
1,1816,"HANDICAP BOONDOCK",R,0.99,28.99
1,1817,"HANDICAP BOONDOCK",R,0.99,28.99
1,1818,"HANDICAP BOONDOCK",R,0.99,28.99
1,1826,"HANKY OCTOBER",NC-17,2.99,26.99
1,1827,"HANKY OCTOBER",NC-17,2.99,26.99
1,1828,"HANKY OCTOBER",NC-17,2.99,26.99
1,1839,"HARDLY ROBBERS",R,2.99,15.99
1,1840,"HARDLY ROBBERS",R,2.99,15.99
1,1841,"HAROLD FRENCH",NC-17,0.99,10.99
1,1842,"HAROLD FRENCH",NC-17,0.99,10.99
1,1843,"HARPER DYING",G,0.99,15.99
1,1844,"HARPER DYING",G,0.99,15.99
1,1845,"HARPER DYING",G,0.99,15.99
1,1849,"HARRY IDAHO",PG-13,4.99,18.99
1,1850,"HARRY IDAHO",PG-13,4.99,18.99
1,1851,"HARRY IDAHO",PG-13,4.99,18.99
1,1852,"HARRY IDAHO",PG-13,4.99,18.99
1,1859,"HAUNTING PIANIST",R,0.99,22.99
1,1860,"HAUNTING PIANIST",R,0.99,22.99
1,1865,"HAWK CHILL",PG-13,0.99,12.99
1,1866,"HAWK CHILL",PG-13,0.99,12.99
1,1867,"HEAD STRANGER",R,4.99,28.99
1,1868,"HEAD STRANGER",R,4.99,28.99
1,1869,"HEAD STRANGER",R,4.99,28.99
1,1870,"HEAD STRANGER",R,4.99,28.99
1,1874,"HEARTBREAKERS BRIGHT",G,4.99,9.99
1,1875,"HEARTBREAKERS BRIGHT",G,4.99,9.99
1,1876,"HEARTBREAKERS BRIGHT",G,4.99,9.99
1,1877,"HEARTBREAKERS BRIGHT",G,4.99,9.99
1,1881,"HEAVEN FREEDOM",PG,2.99,19.99
1,1882,"HEAVEN FREEDOM",PG,2.99,19.99
1,1883,"HEAVEN FREEDOM",PG,2.99,19.99
1,1886,"HEAVENLY GUN",NC-17,4.99,13.99
1,1887,"HEAVENLY GUN",NC-17,4.99,13.99
1,1888,"HEAVYWEIGHTS BEAST",G,4.99,25.99
1,1889,"HEAVYWEIGHTS BEAST",G,4.99,25.99
1,1890,"HEAVYWEIGHTS BEAST",G,4.99,25.99
1,1891,"HEAVYWEIGHTS BEAST",G,4.99,25.99
1,1896,"HEDWIG ALTER",NC-17,2.99,16.99
1,1897,"HEDWIG ALTER",NC-17,2.99,16.99
1,1898,"HEDWIG ALTER",NC-17,2.99,16.99
1,1899,"HELLFIGHTERS SIERRA",PG,2.99,23.99
1,1900,"HELLFIGHTERS SIERRA",PG,2.99,23.99
1,1901,"HELLFIGHTERS SIERRA",PG,2.99,23.99
1,1905,"HIGH ENCINO",R,2.99,23.99
1,1906,"HIGH ENCINO",R,2.99,23.99
1,1907,"HIGH ENCINO",R,2.99,23.99
1,1911,"HIGHBALL POTTER",R,0.99,10.99
1,1912,"HIGHBALL POTTER",R,0.99,10.99
1,1917,"HILLS NEIGHBORS",G,0.99,29.99
1,1918,"HILLS NEIGHBORS",G,0.99,29.99
1,1919,"HILLS NEIGHBORS",G,0.99,29.99
1,1920,"HILLS NEIGHBORS",G,0.99,29.99
1,1923,"HOBBIT ALIEN",PG-13,0.99,27.99
1,1924,"HOBBIT ALIEN",PG-13,0.99,27.99
1,1925,"HOBBIT ALIEN",PG-13,0.99,27.99
1,1926,"HOBBIT ALIEN",PG-13,0.99,27.99
1,1931,"HOLES BRANNIGAN",PG,4.99,27.99
1,1932,"HOLES BRANNIGAN",PG,4.99,27.99
1,1942,"HOLLYWOOD ANONYMOUS",PG,0.99,29.99
1,1943,"HOLLYWOOD ANONYMOUS",PG,0.99,29.99
1,1946,"HOLOCAUST HIGHBALL",R,0.99,12.99
1,1947,"HOLOCAUST HIGHBALL",R,0.99,12.99
1,1948,"HOLOCAUST HIGHBALL",R,0.99,12.99
1,1956,"HOMEWARD CIDER",R,0.99,19.99
1,1957,"HOMEWARD CIDER",R,0.99,19.99
1,1958,"HOMEWARD CIDER",R,0.99,19.99
1,1959,"HOMEWARD CIDER",R,0.99,19.99
1,1960,"HOMICIDE PEACH",PG-13,2.99,21.99
1,1961,"HOMICIDE PEACH",PG-13,2.99,21.99
1,1962,"HOMICIDE PEACH",PG-13,2.99,21.99
1,1963,"HOMICIDE PEACH",PG-13,2.99,21.99
1,1966,"HONEY TIES",R,0.99,29.99
1,1967,"HONEY TIES",R,0.99,29.99
1,1979,"HOPE TOOTSIE",NC-17,2.99,22.99
1,1980,"HOPE TOOTSIE",NC-17,2.99,22.99
1,1981,"HOPE TOOTSIE",NC-17,2.99,22.99
1,1984,"HORN WORKING",PG,2.99,23.99
