website_session_id,pageview_url,homepage,custom_lander,products_page,mrfuzzy_page,cart_page,shipping_page,billing_page,thankyou_page
11683,/lander-1,0,1,0,0,0,0,0,0
11684,/home,1,0,0,0,0,0,0,0
11685,/lander-1,0,1,0,0,0,0,0,0
11686,/lander-1,0,1,0,0,0,0,0,0
11686,/products,0,0,1,0,0,0,0,0
11687,/home,1,0,0,0,0,0,0,0
11688,/home,1,0,0,0,0,0,0,0
11689,/lander-1,0,1,0,0,0,0,0,0
11689,/products,0,0,1,0,0,0,0,0
11689,/the-original-mr-fuzzy,0,0,0,1,0,0,0,0
11690,/home,1,0,0,0,0,0,0,0
11691,/lander-1,0,1,0,0,0,0,0,0
11691,/products,0,0,1,0,0,0,0,0
11692,/lander-1,0,1,0,0,0,0,0,0
11693,/lander-1,0,1,0,0,0,0,0,0
11693,/products,0,0,1,0,0,0,0,0
11693,/the-original-mr-fuzzy,0,0,0,1,0,0,0,0
11694,/lander-1,0,1,0,0,0,0,0,0
11694,/products,0,0,1,0,0,0,0,0
11696,/home,1,0,0,0,0,0,0,0
11697,/lander-1,0,1,0,0,0,0,0,0
11698,/lander-1,0,1,0,0,0,0,0,0
11699,/lander-1,0,1,0,0,0,0,0,0
11699,/products,0,0,1,0,0,0,0,0
11700,/home,1,0,0,0,0,0,0,0
11700,/products,0,0,1,0,0,0,0,0
11701,/lander-1,0,1,0,0,0,0,0,0
11702,/lander-1,0,1,0,0,0,0,0,0
11704,/lander-1,0,1,0,0,0,0,0,0
11705,/home,1,0,0,0,0,0,0,0
11706,/home,1,0,0,0,0,0,0,0
11707,/lander-1,0,1,0,0,0,0,0,0
11708,/lander-1,0,1,0,0,0,0,0,0
11708,/products,0,0,1,0,0,0,0,0
11710,/lander-1,0,1,0,0,0,0,0,0
11710,/products,0,0,1,0,0,0,0,0
11711,/lander-1,0,1,0,0,0,0,0,0
11711,/products,0,0,1,0,0,0,0,0
11713,/lander-1,0,1,0,0,0,0,0,0
11714,/lander-1,0,1,0,0,0,0,0,0
11715,/lander-1,0,1,0,0,0,0,0,0
11715,/products,0,0,1,0,0,0,0,0
11715,/the-original-mr-fuzzy,0,0,0,1,0,0,0,0
11715,/cart,0,0,0,0,1,0,0,0
11715,/shipping,0,0,0,0,0,1,0,0
11715,/billing,0,0,0,0,0,0,1,0
11716,/home,1,0,0,0,0,0,0,0
11716,/products,0,0,1,0,0,0,0,0
11716,/the-original-mr-fuzzy,0,0,0,1,0,0,0,0
11716,/cart,0,0,0,0,1,0,0,0
11716,/shipping,0,0,0,0,0,1,0,0
11717,/home,1,0,0,0,0,0,0,0
11718,/lander-1,0,1,0,0,0,0,0,0
11720,/home,1,0,0,0,0,0,0,0
11720,/products,0,0,1,0,0,0,0,0
11720,/the-original-mr-fuzzy,0,0,0,1,0,0,0,0
11723,/home,1,0,0,0,0,0,0,0
11724,/lander-1,0,1,0,0,0,0,0,0
11725,/lander-1,0,1,0,0,0,0,0,0
11725,/products,0,0,1,0,0,0,0,0
11725,/the-original-mr-fuzzy,0,0,0,1,0,0,0,0
11727,/home,1,0,0,0,0,0,0,0
11728,/home,1,0,0,0,0,0,0,0
11728,/products,0,0,1,0,0,0,0,0
11729,/lander-1,0,1,0,0,0,0,0,0
11729,/products,0,0,1,0,0,0,0,0
11729,/the-original-mr-fuzzy,0,0,0,1,0,0,0,0
11729,/cart,0,0,0,0,1,0,0,0
11729,/shipping,0,0,0,0,0,1,0,0
11729,/billing,0,0,0,0,0,0,1,0
11729,/thank-you-for-your-order,0,0,0,0,0,0,0,1
11730,/home,1,0,0,0,0,0,0,0
11731,/home,1,0,0,0,0,0,0,0
11731,/products,0,0,1,0,0,0,0,0
11731,/the-original-mr-fuzzy,0,0,0,1,0,0,0,0
11731,/cart,0,0,0,0,1,0,0,0
11731,/shipping,0,0,0,0,0,1,0,0
11731,/billing,0,0,0,0,0,0,1,0
11732,/lander-1,0,1,0,0,0,0,0,0
11733,/home,1,0,0,0,0,0,0,0
11733,/products,0,0,1,0,0,0,0,0
11733,/the-original-mr-fuzzy,0,0,0,1,0,0,0,0
11734,/home,1,0,0,0,0,0,0,0
11734,/products,0,0,1,0,0,0,0,0
11734,/the-original-mr-fuzzy,0,0,0,1,0,0,0,0
11734,/cart,0,0,0,0,1,0,0,0
11735,/home,1,0,0,0,0,0,0,0
11735,/products,0,0,1,0,0,0,0,0
11735,/the-original-mr-fuzzy,0,0,0,1,0,0,0,0
11736,/home,1,0,0,0,0,0,0,0
11736,/products,0,0,1,0,0,0,0,0
11736,/the-original-mr-fuzzy,0,0,0,1,0,0,0,0
11737,/lander-1,0,1,0,0,0,0,0,0
11739,/lander-1,0,1,0,0,0,0,0,0
11739,/products,0,0,1,0,0,0,0,0
11739,/the-original-mr-fuzzy,0,0,0,1,0,0,0,0
11739,/cart,0,0,0,0,1,0,0,0
11739,/shipping,0,0,0,0,0,1,0,0
11739,/billing,0,0,0,0,0,0,1,0
11739,/thank-you-for-your-order,0,0,0,0,0,0,0,1
11740,/lander-1,0,1,0,0,0,0,0,0
11741,/lander-1,0,1,0,0,0,0,0,0
11742,/home,1,0,0,0,0,0,0,0
11743,/home,1,0,0,0,0,0,0,0
11743,/products,0,0,1,0,0,0,0,0
11743,/the-original-mr-fuzzy,0,0,0,1,0,0,0,0
11744,/lander-1,0,1,0,0,0,0,0,0
11744,/products,0,0,1,0,0,0,0,0
11745,/lander-1,0,1,0,0,0,0,0,0
11745,/products,0,0,1,0,0,0,0,0
11745,/the-original-mr-fuzzy,0,0,0,1,0,0,0,0
11746,/home,1,0,0,0,0,0,0,0
11746,/products,0,0,1,0,0,0,0,0
11747,/home,1,0,0,0,0,0,0,0
11748,/lander-1,0,1,0,0,0,0,0,0
11748,/products,0,0,1,0,0,0,0,0
11748,/the-original-mr-fuzzy,0,0,0,1,0,0,0,0
11752,/home,1,0,0,0,0,0,0,0
11753,/home,1,0,0,0,0,0,0,0
11754,/lander-1,0,1,0,0,0,0,0,0
11755,/lander-1,0,1,0,0,0,0,0,0
11755,/products,0,0,1,0,0,0,0,0
11755,/the-original-mr-fuzzy,0,0,0,1,0,0,0,0
11756,/home,1,0,0,0,0,0,0,0
11756,/products,0,0,1,0,0,0,0,0
11756,/the-original-mr-fuzzy,0,0,0,1,0,0,0,0
11756,/cart,0,0,0,0,1,0,0,0
11756,/shipping,0,0,0,0,0,1,0,0
11756,/billing,0,0,0,0,0,0,1,0
11756,/thank-you-for-your-order,0,0,0,0,0,0,0,1
11757,/home,1,0,0,0,0,0,0,0
11757,/products,0,0,1,0,0,0,0,0
11758,/lander-1,0,1,0,0,0,0,0,0
11759,/lander-1,0,1,0,0,0,0,0,0
11759,/products,0,0,1,0,0,0,0,0
11759,/the-original-mr-fuzzy,0,0,0,1,0,0,0,0
11760,/lander-1,0,1,0,0,0,0,0,0
11760,/products,0,0,1,0,0,0,0,0
11762,/lander-1,0,1,0,0,0,0,0,0
11762,/products,0,0,1,0,0,0,0,0
11762,/the-original-mr-fuzzy,0,0,0,1,0,0,0,0
11762,/cart,0,0,0,0,1,0,0,0
11762,/shipping,0,0,0,0,0,1,0,0
11762,/billing,0,0,0,0,0,0,1,0
11762,/thank-you-for-your-order,0,0,0,0,0,0,0,1
11763,/lander-1,0,1,0,0,0,0,0,0
11764,/lander-1,0,1,0,0,0,0,0,0
11764,/products,0,0,1,0,0,0,0,0
11764,/the-original-mr-fuzzy,0,0,0,1,0,0,0,0
11764,/cart,0,0,0,0,1,0,0,0
11765,/lander-1,0,1,0,0,0,0,0,0
11766,/lander-1,0,1,0,0,0,0,0,0
11766,/products,0,0,1,0,0,0,0,0
11766,/the-original-mr-fuzzy,0,0,0,1,0,0,0,0
11767,/lander-1,0,1,0,0,0,0,0,0
11767,/products,0,0,1,0,0,0,0,0
11768,/home,1,0,0,0,0,0,0,0
11768,/products,0,0,1,0,0,0,0,0
11768,/the-original-mr-fuzzy,0,0,0,1,0,0,0,0
11770,/lander-1,0,1,0,0,0,0,0,0
11770,/products,0,0,1,0,0,0,0,0
11770,/the-original-mr-fuzzy,0,0,0,1,0,0,0,0
11771,/lander-1,0,1,0,0,0,0,0,0
11773,/home,1,0,0,0,0,0,0,0
11773,/products,0,0,1,0,0,0,0,0
11774,/lander-1,0,1,0,0,0,0,0,0
11774,/products,0,0,1,0,0,0,0,0
11774,/the-original-mr-fuzzy,0,0,0,1,0,0,0,0
11774,/cart,0,0,0,0,1,0,0,0
11775,/lander-1,0,1,0,0,0,0,0,0
11775,/products,0,0,1,0,0,0,0,0
11775,/the-original-mr-fuzzy,0,0,0,1,0,0,0,0
11776,/lander-1,0,1,0,0,0,0,0,0
11776,/products,0,0,1,0,0,0,0,0
11776,/the-original-mr-fuzzy,0,0,0,1,0,0,0,0
11777,/lander-1,0,1,0,0,0,0,0,0
11777,/products,0,0,1,0,0,0,0,0
11777,/the-original-mr-fuzzy,0,0,0,1,0,0,0,0
11778,/lander-1,0,1,0,0,0,0,0,0
11779,/lander-1,0,1,0,0,0,0,0,0
11780,/lander-1,0,1,0,0,0,0,0,0
11781,/home,1,0,0,0,0,0,0,0
11782,/lander-1,0,1,0,0,0,0,0,0
11782,/products,0,0,1,0,0,0,0,0
11784,/home,1,0,0,0,0,0,0,0
11784,/products,0,0,1,0,0,0,0,0
11784,/the-original-mr-fuzzy,0,0,0,1,0,0,0,0
11784,/cart,0,0,0,0,1,0,0,0
11785,/home,1,0,0,0,0,0,0,0
11787,/lander-1,0,1,0,0,0,0,0,0
11787,/products,0,0,1,0,0,0,0,0
11787,/the-original-mr-fuzzy,0,0,0,1,0,0,0,0
11788,/lander-1,0,1,0,0,0,0,0,0
11789,/home,1,0,0,0,0,0,0,0
11789,/products,0,0,1,0,0,0,0,0
11789,/the-original-mr-fuzzy,0,0,0,1,0,0,0,0
11791,/lander-1,0,1,0,0,0,0,0,0
11791,/products,0,0,1,0,0,0,0,0
11791,/the-original-mr-fuzzy,0,0,0,1,0,0,0,0
11791,/cart,0,0,0,0,1,0,0,0
11791,/shipping,0,0,0,0,0,1,0,0
11791,/billing,0,0,0,0,0,0,1,0
11792,/home,1,0,0,0,0,0,0,0
11793,/lander-1,0,1,0,0,0,0,0,0
11794,/lander-1,0,1,0,0,0,0,0,0
11794,/products,0,0,1,0,0,0,0,0
11794,/the-original-mr-fuzzy,0,0,0,1,0,0,0,0
11795,/lander-1,0,1,0,0,0,0,0,0
11797,/lander-1,0,1,0,0,0,0,0,0
11797,/products,0,0,1,0,0,0,0,0
11797,/the-original-mr-fuzzy,0,0,0,1,0,0,0,0
11798,/home,1,0,0,0,0,0,0,0
11800,/lander-1,0,1,0,0,0,0,0,0
11800,/products,0,0,1,0,0,0,0,0
11803,/lander-1,0,1,0,0,0,0,0,0
11804,/lander-1,0,1,0,0,0,0,0,0
11805,/lander-1,0,1,0,0,0,0,0,0
11806,/home,1,0,0,0,0,0,0,0
11807,/lander-1,0,1,0,0,0,0,0,0
11807,/products,0,0,1,0,0,0,0,0
11808,/home,1,0,0,0,0,0,0,0
11809,/lander-1,0,1,0,0,0,0,0,0
11810,/lander-1,0,1,0,0,0,0,0,0
11810,/products,0,0,1,0,0,0,0,0
11810,/the-original-mr-fuzzy,0,0,0,1,0,0,0,0
11811,/home,1,0,0,0,0,0,0,0
11812,/lander-1,0,1,0,0,0,0,0,0
11812,/products,0,0,1,0,0,0,0,0
11813,/home,1,0,0,0,0,0,0,0
11814,/lander-1,0,1,0,0,0,0,0,0
11815,/lander-1,0,1,0,0,0,0,0,0
11816,/home,1,0,0,0,0,0,0,0
11817,/home,1,0,0,0,0,0,0,0
11817,/products,0,0,1,0,0,0,0,0
11817,/the-original-mr-fuzzy,0,0,0,1,0,0,0,0
11817,/cart,0,0,0,0,1,0,0,0
11817,/shipping,0,0,0,0,0,1,0,0
11818,/lander-1,0,1,0,0,0,0,0,0
11819,/home,1,0,0,0,0,0,0,0
11819,/products,0,0,1,0,0,0,0,0
11819,/the-original-mr-fuzzy,0,0,0,1,0,0,0,0
11819,/cart,0,0,0,0,1,0,0,0
11820,/lander-1,0,1,0,0,0,0,0,0
11820,/products,0,0,1,0,0,0,0,0
11820,/the-original-mr-fuzzy,0,0,0,1,0,0,0,0
11821,/lander-1,0,1,0,0,0,0,0,0
11822,/home,1,0,0,0,0,0,0,0
11822,/products,0,0,1,0,0,0,0,0
11822,/the-original-mr-fuzzy,0,0,0,1,0,0,0,0
11823,/lander-1,0,1,0,0,0,0,0,0
11824,/home,1,0,0,0,0,0,0,0
11825,/home,1,0,0,0,0,0,0,0
11825,/products,0,0,1,0,0,0,0,0
11826,/home,1,0,0,0,0,0,0,0
11826,/products,0,0,1,0,0,0,0,0
11826,/the-original-mr-fuzzy,0,0,0,1,0,0,0,0
11827,/lander-1,0,1,0,0,0,0,0,0
11828,/home,1,0,0,0,0,0,0,0
11828,/products,0,0,1,0,0,0,0,0
11828,/the-original-mr-fuzzy,0,0,0,1,0,0,0,0
11829,/lander-1,0,1,0,0,0,0,0,0
11830,/home,1,0,0,0,0,0,0,0
11830,/products,0,0,1,0,0,0,0,0
11831,/lander-1,0,1,0,0,0,0,0,0
11831,/products,0,0,1,0,0,0,0,0
11831,/the-original-mr-fuzzy,0,0,0,1,0,0,0,0
11832,/lander-1,0,1,0,0,0,0,0,0
11832,/products,0,0,1,0,0,0,0,0
11833,/home,1,0,0,0,0,0,0,0
11833,/products,0,0,1,0,0,0,0,0
11833,/the-original-mr-fuzzy,0,0,0,1,0,0,0,0
11834,/home,1,0,0,0,0,0,0,0
11835,/lander-1,0,1,0,0,0,0,0,0
11835,/products,0,0,1,0,0,0,0,0
11835,/the-original-mr-fuzzy,0,0,0,1,0,0,0,0
11835,/cart,0,0,0,0,1,0,0,0
11835,/shipping,0,0,0,0,0,1,0,0
11835,/billing,0,0,0,0,0,0,1,0
11835,/thank-you-for-your-order,0,0,0,0,0,0,0,1
11836,/home,1,0,0,0,0,0,0,0
11837,/home,1,0,0,0,0,0,0,0
11837,/products,0,0,1,0,0,0,0,0
11837,/the-original-mr-fuzzy,0,0,0,1,0,0,0,0
11837,/cart,0,0,0,0,1,0,0,0
11838,/lander-1,0,1,0,0,0,0,0,0
11838,/products,0,0,1,0,0,0,0,0
11838,/the-original-mr-fuzzy,0,0,0,1,0,0,0,0
11839,/home,1,0,0,0,0,0,0,0
11840,/home,1,0,0,0,0,0,0,0
11841,/home,1,0,0,0,0,0,0,0
11842,/home,1,0,0,0,0,0,0,0
11844,/home,1,0,0,0,0,0,0,0
11844,/products,0,0,1,0,0,0,0,0
11845,/lander-1,0,1,0,0,0,0,0,0
11846,/lander-1,0,1,0,0,0,0,0,0
11847,/home,1,0,0,0,0,0,0,0
11847,/products,0,0,1,0,0,0,0,0
11848,/home,1,0,0,0,0,0,0,0
11849,/home,1,0,0,0,0,0,0,0
11850,/home,1,0,0,0,0,0,0,0
11850,/products,0,0,1,0,0,0,0,0
11850,/the-original-mr-fuzzy,0,0,0,1,0,0,0,0
11850,/cart,0,0,0,0,1,0,0,0
11851,/lander-1,0,1,0,0,0,0,0,0
11852,/lander-1,0,1,0,0,0,0,0,0
11852,/products,0,0,1,0,0,0,0,0
11852,/the-original-mr-fuzzy,0,0,0,1,0,0,0,0
11853,/home,1,0,0,0,0,0,0,0
11854,/lander-1,0,1,0,0,0,0,0,0
11855,/lander-1,0,1,0,0,0,0,0,0
11856,/lander-1,0,1,0,0,0,0,0,0
11857,/lander-1,0,1,0,0,0,0,0,0
11858,/lander-1,0,1,0,0,0,0,0,0
11859,/home,1,0,0,0,0,0,0,0
11859,/products,0,0,1,0,0,0,0,0
11859,/the-original-mr-fuzzy,0,0,0,1,0,0,0,0
11860,/lander-1,0,1,0,0,0,0,0,0
11861,/home,1,0,0,0,0,0,0,0
11862,/lander-1,0,1,0,0,0,0,0,0
11862,/products,0,0,1,0,0,0,0,0
11864,/lander-1,0,1,0,0,0,0,0,0
11865,/lander-1,0,1,0,0,0,0,0,0
11866,/lander-1,0,1,0,0,0,0,0,0
11868,/home,1,0,0,0,0,0,0,0
11868,/products,0,0,1,0,0,0,0,0
11868,/the-original-mr-fuzzy,0,0,0,1,0,0,0,0
11868,/cart,0,0,0,0,1,0,0,0
11869,/lander-1,0,1,0,0,0,0,0,0
11869,/products,0,0,1,0,0,0,0,0
11869,/the-original-mr-fuzzy,0,0,0,1,0,0,0,0
11870,/home,1,0,0,0,0,0,0,0
11870,/products,0,0,1,0,0,0,0,0
11871,/home,1,0,0,0,0,0,0,0
11871,/products,0,0,1,0,0,0,0,0
11871,/the-original-mr-fuzzy,0,0,0,1,0,0,0,0
11871,/cart,0,0,0,0,1,0,0,0
11872,/home,1,0,0,0,0,0,0,0
11873,/lander-1,0,1,0,0,0,0,0,0
11873,/products,0,0,1,0,0,0,0,0
11874,/home,1,0,0,0,0,0,0,0
11874,/products,0,0,1,0,0,0,0,0
11874,/the-original-mr-fuzzy,0,0,0,1,0,0,0,0
11875,/lander-1,0,1,0,0,0,0,0,0
11876,/home,1,0,0,0,0,0,0,0
11876,/products,0,0,1,0,0,0,0,0
11877,/lander-1,0,1,0,0,0,0,0,0
11877,/products,0,0,1,0,0,0,0,0
11877,/the-original-mr-fuzzy,0,0,0,1,0,0,0,0
11878,/lander-1,0,1,0,0,0,0,0,0
11879,/lander-1,0,1,0,0,0,0,0,0
11880,/home,1,0,0,0,0,0,0,0
11880,/products,0,0,1,0,0,0,0,0
11880,/the-original-mr-fuzzy,0,0,0,1,0,0,0,0
11881,/lander-1,0,1,0,0,0,0,0,0
11882,/home,1,0,0,0,0,0,0,0
11882,/products,0,0,1,0,0,0,0,0
11882,/the-original-mr-fuzzy,0,0,0,1,0,0,0,0
11883,/home,1,0,0,0,0,0,0,0
11883,/products,0,0,1,0,0,0,0,0
11883,/the-original-mr-fuzzy,0,0,0,1,0,0,0,0
11884,/home,1,0,0,0,0,0,0,0
11884,/products,0,0,1,0,0,0,0,0
11884,/the-original-mr-fuzzy,0,0,0,1,0,0,0,0
11885,/lander-1,0,1,0,0,0,0,0,0
11885,/products,0,0,1,0,0,0,0,0
11886,/home,1,0,0,0,0,0,0,0
11887,/home,1,0,0,0,0,0,0,0
11888,/home,1,0,0,0,0,0,0,0
11889,/lander-1,0,1,0,0,0,0,0,0
11890,/lander-1,0,1,0,0,0,0,0,0
11892,/home,1,0,0,0,0,0,0,0
11892,/products,0,0,1,0,0,0,0,0
11892,/the-original-mr-fuzzy,0,0,0,1,0,0,0,0
11892,/cart,0,0,0,0,1,0,0,0
11893,/lander-1,0,1,0,0,0,0,0,0
11893,/products,0,0,1,0,0,0,0,0
11894,/home,1,0,0,0,0,0,0,0
11894,/products,0,0,1,0,0,0,0,0
11894,/the-original-mr-fuzzy,0,0,0,1,0,0,0,0
11894,/cart,0,0,0,0,1,0,0,0
11894,/shipping,0,0,0,0,0,1,0,0
11895,/lander-1,0,1,0,0,0,0,0,0
11895,/products,0,0,1,0,0,0,0,0
11895,/the-original-mr-fuzzy,0,0,0,1,0,0,0,0
11896,/home,1,0,0,0,0,0,0,0
11897,/lander-1,0,1,0,0,0,0,0,0
11898,/lander-1,0,1,0,0,0,0,0,0
11898,/products,0,0,1,0,0,0,0,0
11898,/the-original-mr-fuzzy,0,0,0,1,0,0,0,0
11899,/lander-1,0,1,0,0,0,0,0,0
11900,/lander-1,0,1,0,0,0,0,0,0
11900,/products,0,0,1,0,0,0,0,0
11900,/the-original-mr-fuzzy,0,0,0,1,0,0,0,0
11901,/home,1,0,0,0,0,0,0,0
11902,/home,1,0,0,0,0,0,0,0
11903,/home,1,0,0,0,0,0,0,0
11904,/home,1,0,0,0,0,0,0,0
11904,/products,0,0,1,0,0,0,0,0
11904,/the-original-mr-fuzzy,0,0,0,1,0,0,0,0
11905,/home,1,0,0,0,0,0,0,0
11906,/lander-1,0,1,0,0,0,0,0,0
11906,/products,0,0,1,0,0,0,0,0
11906,/the-original-mr-fuzzy,0,0,0,1,0,0,0,0
11908,/lander-1,0,1,0,0,0,0,0,0
11909,/lander-1,0,1,0,0,0,0,0,0
11909,/products,0,0,1,0,0,0,0,0
11910,/home,1,0,0,0,0,0,0,0
11910,/products,0,0,1,0,0,0,0,0
11910,/the-original-mr-fuzzy,0,0,0,1,0,0,0,0
11911,/home,1,0,0,0,0,0,0,0
11913,/lander-1,0,1,0,0,0,0,0,0
11914,/lander-1,0,1,0,0,0,0,0,0
11915,/home,1,0,0,0,0,0,0,0
11915,/products,0,0,1,0,0,0,0,0
11915,/the-original-mr-fuzzy,0,0,0,1,0,0,0,0
11916,/lander-1,0,1,0,0,0,0,0,0
11917,/home,1,0,0,0,0,0,0,0
11917,/products,0,0,1,0,0,0,0,0
11917,/the-original-mr-fuzzy,0,0,0,1,0,0,0,0
11917,/cart,0,0,0,0,1,0,0,0
11917,/shipping,0,0,0,0,0,1,0,0
11917,/billing,0,0,0,0,0,0,1,0
11917,/thank-you-for-your-order,0,0,0,0,0,0,0,1
11918,/lander-1,0,1,0,0,0,0,0,0
11919,/home,1,0,0,0,0,0,0,0
11919,/products,0,0,1,0,0,0,0,0
11920,/home,1,0,0,0,0,0,0,0
11920,/products,0,0,1,0,0,0,0,0
11920,/the-original-mr-fuzzy,0,0,0,1,0,0,0,0
11921,/lander-1,0,1,0,0,0,0,0,0
11922,/lander-1,0,1,0,0,0,0,0,0
11922,/products,0,0,1,0,0,0,0,0
11922,/the-original-mr-fuzzy,0,0,0,1,0,0,0,0
11923,/home,1,0,0,0,0,0,0,0
11924,/home,1,0,0,0,0,0,0,0
11925,/home,1,0,0,0,0,0,0,0
11926,/home,1,0,0,0,0,0,0,0
11927,/home,1,0,0,0,0,0,0,0
11927,/products,0,0,1,0,0,0,0,0
11927,/the-original-mr-fuzzy,0,0,0,1,0,0,0,0
11928,/lander-1,0,1,0,0,0,0,0,0
11928,/products,0,0,1,0,0,0,0,0
11928,/the-original-mr-fuzzy,0,0,0,1,0,0,0,0
11929,/lander-1,0,1,0,0,0,0,0,0
11930,/lander-1,0,1,0,0,0,0,0,0
11931,/lander-1,0,1,0,0,0,0,0,0
11932,/lander-1,0,1,0,0,0,0,0,0
11933,/lander-1,0,1,0,0,0,0,0,0
11933,/products,0,0,1,0,0,0,0,0
11933,/the-original-mr-fuzzy,0,0,0,1,0,0,0,0
11934,/lander-1,0,1,0,0,0,0,0,0
11935,/lander-1,0,1,0,0,0,0,0,0
11936,/home,1,0,0,0,0,0,0,0
11936,/products,0,0,1,0,0,0,0,0
11936,/the-original-mr-fuzzy,0,0,0,1,0,0,0,0
11937,/home,1,0,0,0,0,0,0,0
11938,/home,1,0,0,0,0,0,0,0
11938,/products,0,0,1,0,0,0,0,0
11938,/the-original-mr-fuzzy,0,0,0,1,0,0,0,0
11939,/lander-1,0,1,0,0,0,0,0,0
11939,/products,0,0,1,0,0,0,0,0
11939,/the-original-mr-fuzzy,0,0,0,1,0,0,0,0
11940,/home,1,0,0,0,0,0,0,0
11941,/lander-1,0,1,0,0,0,0,0,0
11941,/products,0,0,1,0,0,0,0,0
11941,/the-original-mr-fuzzy,0,0,0,1,0,0,0,0
11942,/lander-1,0,1,0,0,0,0,0,0
11943,/lander-1,0,1,0,0,0,0,0,0
11944,/lander-1,0,1,0,0,0,0,0,0
11946,/lander-1,0,1,0,0,0,0,0,0
11946,/products,0,0,1,0,0,0,0,0
11946,/the-original-mr-fuzzy,0,0,0,1,0,0,0,0
11946,/cart,0,0,0,0,1,0,0,0
11946,/shipping,0,0,0,0,0,1,0,0
11946,/billing,0,0,0,0,0,0,1,0
11946,/thank-you-for-your-order,0,0,0,0,0,0,0,1
11947,/home,1,0,0,0,0,0,0,0
11948,/lander-1,0,1,0,0,0,0,0,0
11949,/lander-1,0,1,0,0,0,0,0,0
11950,/lander-1,0,1,0,0,0,0,0,0
11951,/lander-1,0,1,0,0,0,0,0,0
11951,/products,0,0,1,0,0,0,0,0
11951,/the-original-mr-fuzzy,0,0,0,1,0,0,0,0
11952,/home,1,0,0,0,0,0,0,0
11952,/products,0,0,1,0,0,0,0,0
11952,/the-original-mr-fuzzy,0,0,0,1,0,0,0,0
11952,/cart,0,0,0,0,1,0,0,0
11952,/shipping,0,0,0,0,0,1,0,0
11952,/billing,0,0,0,0,0,0,1,0
11953,/lander-1,0,1,0,0,0,0,0,0
11953,/products,0,0,1,0,0,0,0,0
11953,/the-original-mr-fuzzy,0,0,0,1,0,0,0,0
11954,/home,1,0,0,0,0,0,0,0
11955,/lander-1,0,1,0,0,0,0,0,0
11956,/home,1,0,0,0,0,0,0,0
11957,/home,1,0,0,0,0,0,0,0
11957,/products,0,0,1,0,0,0,0,0
11957,/the-original-mr-fuzzy,0,0,0,1,0,0,0,0
11957,/cart,0,0,0,0,1,0,0,0
11957,/shipping,0,0,0,0,0,1,0,0
11957,/billing,0,0,0,0,0,0,1,0
11957,/thank-you-for-your-order,0,0,0,0,0,0,0,1
11958,/home,1,0,0,0,0,0,0,0
11958,/products,0,0,1,0,0,0,0,0
11958,/the-original-mr-fuzzy,0,0,0,1,0,0,0,0
11958,/cart,0,0,0,0,1,0,0,0
11958,/shipping,0,0,0,0,0,1,0,0
11958,/billing,0,0,0,0,0,0,1,0
11959,/lander-1,0,1,0,0,0,0,0,0
11960,/home,1,0,0,0,0,0,0,0
11962,/home,1,0,0,0,0,0,0,0
11963,/lander-1,0,1,0,0,0,0,0,0
11964,/home,1,0,0,0,0,0,0,0
11967,/lander-1,0,1,0,0,0,0,0,0
11968,/lander-1,0,1,0,0,0,0,0,0
11969,/lander-1,0,1,0,0,0,0,0,0
11969,/products,0,0,1,0,0,0,0,0
11970,/home,1,0,0,0,0,0,0,0
11970,/products,0,0,1,0,0,0,0,0
11970,/the-original-mr-fuzzy,0,0,0,1,0,0,0,0
11971,/home,1,0,0,0,0,0,0,0
11971,/products,0,0,1,0,0,0,0,0
11971,/the-original-mr-fuzzy,0,0,0,1,0,0,0,0
11971,/cart,0,0,0,0,1,0,0,0
11971,/shipping,0,0,0,0,0,1,0,0
11971,/billing,0,0,0,0,0,0,1,0
11971,/thank-you-for-your-order,0,0,0,0,0,0,0,1
11973,/lander-1,0,1,0,0,0,0,0,0
11974,/home,1,0,0,0,0,0,0,0
11974,/products,0,0,1,0,0,0,0,0
11974,/the-original-mr-fuzzy,0,0,0,1,0,0,0,0
11974,/cart,0,0,0,0,1,0,0,0
11974,/shipping,0,0,0,0,0,1,0,0
11974,/billing,0,0,0,0,0,0,1,0
11975,/home,1,0,0,0,0,0,0,0
11976,/lander-1,0,1,0,0,0,0,0,0
11977,/home,1,0,0,0,0,0,0,0
11978,/lander-1,0,1,0,0,0,0,0,0
11979,/home,1,0,0,0,0,0,0,0
11980,/lander-1,0,1,0,0,0,0,0,0
11982,/home,1,0,0,0,0,0,0,0
11983,/lander-1,0,1,0,0,0,0,0,0
11983,/products,0,0,1,0,0,0,0,0
11983,/the-original-mr-fuzzy,0,0,0,1,0,0,0,0
11985,/lander-1,0,1,0,0,0,0,0,0
11985,/products,0,0,1,0,0,0,0,0
11985,/the-original-mr-fuzzy,0,0,0,1,0,0,0,0
11985,/cart,0,0,0,0,1,0,0,0
11985,/shipping,0,0,0,0,0,1,0,0
11985,/billing,0,0,0,0,0,0,1,0
11985,/thank-you-for-your-order,0,0,0,0,0,0,0,1
11986,/lander-1,0,1,0,0,0,0,0,0
11986,/products,0,0,1,0,0,0,0,0
11986,/the-original-mr-fuzzy,0,0,0,1,0,0,0,0
11987,/lander-1,0,1,0,0,0,0,0,0
11988,/lander-1,0,1,0,0,0,0,0,0
11988,/products,0,0,1,0,0,0,0,0
11988,/the-original-mr-fuzzy,0,0,0,1,0,0,0,0
11989,/lander-1,0,1,0,0,0,0,0,0
11989,/products,0,0,1,0,0,0,0,0
11990,/lander-1,0,1,0,0,0,0,0,0
11990,/products,0,0,1,0,0,0,0,0
11990,/the-original-mr-fuzzy,0,0,0,1,0,0,0,0
11991,/lander-1,0,1,0,0,0,0,0,0
11991,/products,0,0,1,0,0,0,0,0
11991,/the-original-mr-fuzzy,0,0,0,1,0,0,0,0
11992,/home,1,0,0,0,0,0,0,0
11992,/products,0,0,1,0,0,0,0,0
11994,/home,1,0,0,0,0,0,0,0
11994,/products,0,0,1,0,0,0,0,0
11994,/the-original-mr-fuzzy,0,0,0,1,0,0,0,0
11995,/lander-1,0,1,0,0,0,0,0,0
11995,/products,0,0,1,0,0,0,0,0
11995,/the-original-mr-fuzzy,0,0,0,1,0,0,0,0
11995,/cart,0,0,0,0,1,0,0,0
11995,/shipping,0,0,0,0,0,1,0,0
11996,/home,1,0,0,0,0,0,0,0
11997,/home,1,0,0,0,0,0,0,0
11997,/products,0,0,1,0,0,0,0,0
11997,/the-original-mr-fuzzy,0,0,0,1,0,0,0,0
11997,/cart,0,0,0,0,1,0,0,0
11997,/shipping,0,0,0,0,0,1,0,0
11997,/billing,0,0,0,0,0,0,1,0
11998,/lander-1,0,1,0,0,0,0,0,0
11999,/lander-1,0,1,0,0,0,0,0,0
12000,/lander-1,0,1,0,0,0,0,0,0
12001,/home,1,0,0,0,0,0,0,0
12002,/lander-1,0,1,0,0,0,0,0,0
12003,/lander-1,0,1,0,0,0,0,0,0
12004,/lander-1,0,1,0,0,0,0,0,0
12005,/lander-1,0,1,0,0,0,0,0,0
12006,/lander-1,0,1,0,0,0,0,0,0
12006,/products,0,0,1,0,0,0,0,0
12006,/the-original-mr-fuzzy,0,0,0,1,0,0,0,0
12006,/cart,0,0,0,0,1,0,0,0
12007,/home,1,0,0,0,0,0,0,0
12008,/lander-1,0,1,0,0,0,0,0,0
12008,/products,0,0,1,0,0,0,0,0
12008,/the-original-mr-fuzzy,0,0,0,1,0,0,0,0
12009,/lander-1,0,1,0,0,0,0,0,0
12009,/products,0,0,1,0,0,0,0,0
12010,/home,1,0,0,0,0,0,0,0
12011,/lander-1,0,1,0,0,0,0,0,0
12012,/home,1,0,0,0,0,0,0,0
12012,/products,0,0,1,0,0,0,0,0
12012,/the-original-mr-fuzzy,0,0,0,1,0,0,0,0
12012,/cart,0,0,0,0,1,0,0,0
12012,/shipping,0,0,0,0,0,1,0,0
12012,/billing,0,0,0,0,0,0,1,0
12013,/lander-1,0,1,0,0,0,0,0,0
12015,/lander-1,0,1,0,0,0,0,0,0
12015,/products,0,0,1,0,0,0,0,0
12015,/the-original-mr-fuzzy,0,0,0,1,0,0,0,0
12015,/cart,0,0,0,0,1,0,0,0
12015,/shipping,0,0,0,0,0,1,0,0
12015,/billing,0,0,0,0,0,0,1,0
12017,/home,1,0,0,0,0,0,0,0
12017,/products,0,0,1,0,0,0,0,0
12017,/the-original-mr-fuzzy,0,0,0,1,0,0,0,0
12019,/lander-1,0,1,0,0,0,0,0,0
12019,/products,0,0,1,0,0,0,0,0
12019,/the-original-mr-fuzzy,0,0,0,1,0,0,0,0
12019,/cart,0,0,0,0,1,0,0,0
12019,/shipping,0,0,0,0,0,1,0,0
12019,/billing,0,0,0,0,0,0,1,0
12020,/lander-1,0,1,0,0,0,0,0,0
12020,/products,0,0,1,0,0,0,0,0
12020,/the-original-mr-fuzzy,0,0,0,1,0,0,0,0
12021,/lander-1,0,1,0,0,0,0,0,0
12022,/home,1,0,0,0,0,0,0,0
12024,/home,1,0,0,0,0,0,0,0
12024,/products,0,0,1,0,0,0,0,0
12024,/the-original-mr-fuzzy,0,0,0,1,0,0,0,0
12025,/home,1,0,0,0,0,0,0,0
12026,/lander-1,0,1,0,0,0,0,0,0
12027,/home,1,0,0,0,0,0,0,0
12028,/lander-1,0,1,0,0,0,0,0,0
12028,/products,0,0,1,0,0,0,0,0
12028,/the-original-mr-fuzzy,0,0,0,1,0,0,0,0
12028,/cart,0,0,0,0,1,0,0,0
12028,/shipping,0,0,0,0,0,1,0,0
12028,/billing,0,0,0,0,0,0,1,0
12028,/thank-you-for-your-order,0,0,0,0,0,0,0,1
12029,/home,1,0,0,0,0,0,0,0
12030,/lander-1,0,1,0,0,0,0,0,0
12030,/products,0,0,1,0,0,0,0,0
12030,/the-original-mr-fuzzy,0,0,0,1,0,0,0,0
12030,/cart,0,0,0,0,1,0,0,0
12030,/shipping,0,0,0,0,0,1,0,0
12030,/billing,0,0,0,0,0,0,1,0
12031,/lander-1,0,1,0,0,0,0,0,0
12032,/lander-1,0,1,0,0,0,0,0,0
12032,/products,0,0,1,0,0,0,0,0
12032,/the-original-mr-fuzzy,0,0,0,1,0,0,0,0
12033,/home,1,0,0,0,0,0,0,0
12034,/lander-1,0,1,0,0,0,0,0,0
12034,/products,0,0,1,0,0,0,0,0
12034,/the-original-mr-fuzzy,0,0,0,1,0,0,0,0
12035,/lander-1,0,1,0,0,0,0,0,0
12036,/lander-1,0,1,0,0,0,0,0,0
12037,/home,1,0,0,0,0,0,0,0
12037,/products,0,0,1,0,0,0,0,0
12038,/lander-1,0,1,0,0,0,0,0,0
12039,/lander-1,0,1,0,0,0,0,0,0
12040,/home,1,0,0,0,0,0,0,0
12041,/home,1,0,0,0,0,0,0,0
12042,/home,1,0,0,0,0,0,0,0
12043,/home,1,0,0,0,0,0,0,0
12044,/lander-1,0,1,0,0,0,0,0,0
12045,/lander-1,0,1,0,0,0,0,0,0
12045,/products,0,0,1,0,0,0,0,0
12046,/lander-1,0,1,0,0,0,0,0,0
12046,/products,0,0,1,0,0,0,0,0
12046,/the-original-mr-fuzzy,0,0,0,1,0,0,0,0
12047,/home,1,0,0,0,0,0,0,0
12047,/products,0,0,1,0,0,0,0,0
12047,/the-original-mr-fuzzy,0,0,0,1,0,0,0,0
12047,/cart,0,0,0,0,1,0,0,0
12047,/shipping,0,0,0,0,0,1,0,0
12047,/billing,0,0,0,0,0,0,1,0
12047,/thank-you-for-your-order,0,0,0,0,0,0,0,1
12048,/lander-1,0,1,0,0,0,0,0,0
12048,/products,0,0,1,0,0,0,0,0
12049,/lander-1,0,1,0,0,0,0,0,0
12050,/lander-1,0,1,0,0,0,0,0,0
12051,/lander-1,0,1,0,0,0,0,0,0
12052,/lander-1,0,1,0,0,0,0,0,0
12053,/home,1,0,0,0,0,0,0,0
12053,/products,0,0,1,0,0,0,0,0
12053,/the-original-mr-fuzzy,0,0,0,1,0,0,0,0
12054,/lander-1,0,1,0,0,0,0,0,0
12054,/products,0,0,1,0,0,0,0,0
12054,/the-original-mr-fuzzy,0,0,0,1,0,0,0,0
12056,/lander-1,0,1,0,0,0,0,0,0
12057,/home,1,0,0,0,0,0,0,0
12058,/home,1,0,0,0,0,0,0,0
12058,/products,0,0,1,0,0,0,0,0
12058,/the-original-mr-fuzzy,0,0,0,1,0,0,0,0
12059,/home,1,0,0,0,0,0,0,0
12060,/lander-1,0,1,0,0,0,0,0,0
12060,/products,0,0,1,0,0,0,0,0
12060,/the-original-mr-fuzzy,0,0,0,1,0,0,0,0
12061,/home,1,0,0,0,0,0,0,0
12062,/lander-1,0,1,0,0,0,0,0,0
12063,/lander-1,0,1,0,0,0,0,0,0
12063,/products,0,0,1,0,0,0,0,0
12063,/the-original-mr-fuzzy,0,0,0,1,0,0,0,0
12065,/home,1,0,0,0,0,0,0,0
12065,/products,0,0,1,0,0,0,0,0
12065,/the-original-mr-fuzzy,0,0,0,1,0,0,0,0
12065,/cart,0,0,0,0,1,0,0,0
12065,/shipping,0,0,0,0,0,1,0,0
12065,/billing,0,0,0,0,0,0,1,0
12065,/thank-you-for-your-order,0,0,0,0,0,0,0,1
12066,/home,1,0,0,0,0,0,0,0
12067,/home,1,0,0,0,0,0,0,0
12067,/products,0,0,1,0,0,0,0,0
12067,/the-original-mr-fuzzy,0,0,0,1,0,0,0,0
12069,/home,1,0,0,0,0,0,0,0
12069,/products,0,0,1,0,0,0,0,0
12069,/the-original-mr-fuzzy,0,0,0,1,0,0,0,0
12069,/cart,0,0,0,0,1,0,0,0
12070,/lander-1,0,1,0,0,0,0,0,0
12071,/home,1,0,0,0,0,0,0,0
12071,/products,0,0,1,0,0,0,0,0
12072,/home,1,0,0,0,0,0,0,0
12072,/products,0,0,1,0,0,0,0,0
12074,/lander-1,0,1,0,0,0,0,0,0
12076,/lander-1,0,1,0,0,0,0,0,0
12077,/home,1,0,0,0,0,0,0,0
12077,/products,0,0,1,0,0,0,0,0
12077,/the-original-mr-fuzzy,0,0,0,1,0,0,0,0
12077,/cart,0,0,0,0,1,0,0,0
12077,/shipping,0,0,0,0,0,1,0,0
12078,/home,1,0,0,0,0,0,0,0
12078,/products,0,0,1,0,0,0,0,0
12079,/lander-1,0,1,0,0,0,0,0,0
12079,/products,0,0,1,0,0,0,0,0
12079,/the-original-mr-fuzzy,0,0,0,1,0,0,0,0
12080,/home,1,0,0,0,0,0,0,0
12081,/home,1,0,0,0,0,0,0,0
12081,/products,0,0,1,0,0,0,0,0
12081,/the-original-mr-fuzzy,0,0,0,1,0,0,0,0
12082,/home,1,0,0,0,0,0,0,0
12083,/home,1,0,0,0,0,0,0,0
12084,/home,1,0,0,0,0,0,0,0
12084,/products,0,0,1,0,0,0,0,0
12085,/home,1,0,0,0,0,0,0,0
12086,/home,1,0,0,0,0,0,0,0
12086,/products,0,0,1,0,0,0,0,0
12086,/the-original-mr-fuzzy,0,0,0,1,0,0,0,0
12086,/cart,0,0,0,0,1,0,0,0
12086,/shipping,0,0,0,0,0,1,0,0
12086,/billing,0,0,0,0,0,0,1,0
12086,/thank-you-for-your-order,0,0,0,0,0,0,0,1
12087,/home,1,0,0,0,0,0,0,0
12087,/products,0,0,1,0,0,0,0,0
12087,/the-original-mr-fuzzy,0,0,0,1,0,0,0,0
12088,/lander-1,0,1,0,0,0,0,0,0
12088,/products,0,0,1,0,0,0,0,0
12089,/lander-1,0,1,0,0,0,0,0,0
12091,/lander-1,0,1,0,0,0,0,0,0
12092,/home,1,0,0,0,0,0,0,0
12094,/home,1,0,0,0,0,0,0,0
12095,/lander-1,0,1,0,0,0,0,0,0
12095,/products,0,0,1,0,0,0,0,0
12096,/lander-1,0,1,0,0,0,0,0,0
12097,/home,1,0,0,0,0,0,0,0
12098,/lander-1,0,1,0,0,0,0,0,0
12099,/lander-1,0,1,0,0,0,0,0,0
12100,/lander-1,0,1,0,0,0,0,0,0
12101,/home,1,0,0,0,0,0,0,0
12101,/products,0,0,1,0,0,0,0,0
12101,/the-original-mr-fuzzy,0,0,0,1,0,0,0,0
12101,/cart,0,0,0,0,1,0,0,0
12101,/shipping,0,0,0,0,0,1,0,0
12101,/billing,0,0,0,0,0,0,1,0
12102,/lander-1,0,1,0,0,0,0,0,0
12103,/home,1,0,0,0,0,0,0,0
12104,/lander-1,0,1,0,0,0,0,0,0
12104,/products,0,0,1,0,0,0,0,0
12105,/lander-1,0,1,0,0,0,0,0,0
12105,/products,0,0,1,0,0,0,0,0
12105,/the-original-mr-fuzzy,0,0,0,1,0,0,0,0
12106,/lander-1,0,1,0,0,0,0,0,0
12106,/products,0,0,1,0,0,0,0,0
12106,/the-original-mr-fuzzy,0,0,0,1,0,0,0,0
12107,/home,1,0,0,0,0,0,0,0
12108,/lander-1,0,1,0,0,0,0,0,0
12109,/lander-1,0,1,0,0,0,0,0,0
12109,/products,0,0,1,0,0,0,0,0
12110,/lander-1,0,1,0,0,0,0,0,0
12111,/lander-1,0,1,0,0,0,0,0,0
12112,/lander-1,0,1,0,0,0,0,0,0
12114,/home,1,0,0,0,0,0,0,0
12115,/home,1,0,0,0,0,0,0,0
12116,/home,1,0,0,0,0,0,0,0
12116,/products,0,0,1,0,0,0,0,0
12118,/lander-1,0,1,0,0,0,0,0,0
12119,/lander-1,0,1,0,0,0,0,0,0
12120,/home,1,0,0,0,0,0,0,0
12120,/products,0,0,1,0,0,0,0,0
12121,/lander-1,0,1,0,0,0,0,0,0
12121,/products,0,0,1,0,0,0,0,0
12121,/the-original-mr-fuzzy,0,0,0,1,0,0,0,0
12122,/lander-1,0,1,0,0,0,0,0,0
12122,/products,0,0,1,0,0,0,0,0
12122,/the-original-mr-fuzzy,0,0,0,1,0,0,0,0
12123,/home,1,0,0,0,0,0,0,0
12123,/products,0,0,1,0,0,0,0,0
12123,/the-original-mr-fuzzy,0,0,0,1,0,0,0,0
12123,/cart,0,0,0,0,1,0,0,0
12123,/shipping,0,0,0,0,0,1,0,0
12123,/billing,0,0,0,0,0,0,1,0
12124,/home,1,0,0,0,0,0,0,0
12124,/products,0,0,1,0,0,0,0,0
12124,/the-original-mr-fuzzy,0,0,0,1,0,0,0,0
12125,/home,1,0,0,0,0,0,0,0
12126,/home,1,0,0,0,0,0,0,0
12126,/products,0,0,1,0,0,0,0,0
12126,/the-original-mr-fuzzy,0,0,0,1,0,0,0,0
12127,/home,1,0,0,0,0,0,0,0
12127,/products,0,0,1,0,0,0,0,0
12127,/the-original-mr-fuzzy,0,0,0,1,0,0,0,0
12127,/cart,0,0,0,0,1,0,0,0
12127,/shipping,0,0,0,0,0,1,0,0
12127,/billing,0,0,0,0,0,0,1,0
12129,/home,1,0,0,0,0,0,0,0
12130,/lander-1,0,1,0,0,0,0,0,0
12130,/products,0,0,1,0,0,0,0,0
12130,/the-original-mr-fuzzy,0,0,0,1,0,0,0,0
12131,/lander-1,0,1,0,0,0,0,0,0
12133,/home,1,0,0,0,0,0,0,0
12134,/lander-1,0,1,0,0,0,0,0,0
12136,/home,1,0,0,0,0,0,0,0
12137,/lander-1,0,1,0,0,0,0,0,0
12138,/home,1,0,0,0,0,0,0,0
12139,/home,1,0,0,0,0,0,0,0
12140,/home,1,0,0,0,0,0,0,0
12140,/products,0,0,1,0,0,0,0,0
12140,/the-original-mr-fuzzy,0,0,0,1,0,0,0,0
12141,/lander-1,0,1,0,0,0,0,0,0
12141,/products,0,0,1,0,0,0,0,0
12141,/the-original-mr-fuzzy,0,0,0,1,0,0,0,0
12141,/cart,0,0,0,0,1,0,0,0
12141,/shipping,0,0,0,0,0,1,0,0
12141,/billing,0,0,0,0,0,0,1,0
12141,/thank-you-for-your-order,0,0,0,0,0,0,0,1
12143,/home,1,0,0,0,0,0,0,0
12143,/products,0,0,1,0,0,0,0,0
12143,/the-original-mr-fuzzy,0,0,0,1,0,0,0,0
12143,/cart,0,0,0,0,1,0,0,0
12143,/shipping,0,0,0,0,0,1,0,0
12143,/billing,0,0,0,0,0,0,1,0
12144,/lander-1,0,1,0,0,0,0,0,0
12146,/home,1,0,0,0,0,0,0,0
12147,/lander-1,0,1,0,0,0,0,0,0
12147,/products,0,0,1,0,0,0,0,0
12147,/the-original-mr-fuzzy,0,0,0,1,0,0,0,0
12147,/cart,0,0,0,0,1,0,0,0
12147,/shipping,0,0,0,0,0,1,0,0
12147,/billing,0,0,0,0,0,0,1,0
12149,/home,1,0,0,0,0,0,0,0
12150,/home,1,0,0,0,0,0,0,0
12150,/products,0,0,1,0,0,0,0,0
12150,/the-original-mr-fuzzy,0,0,0,1,0,0,0,0
12150,/cart,0,0,0,0,1,0,0,0
12150,/shipping,0,0,0,0,0,1,0,0
12150,/billing,0,0,0,0,0,0,1,0
12151,/home,1,0,0,0,0,0,0,0
12151,/products,0,0,1,0,0,0,0,0
12151,/the-original-mr-fuzzy,0,0,0,1,0,0,0,0
12152,/home,1,0,0,0,0,0,0,0
12153,/home,1,0,0,0,0,0,0,0
12153,/products,0,0,1,0,0,0,0,0
12154,/lander-1,0,1,0,0,0,0,0,0
12155,/lander-1,0,1,0,0,0,0,0,0
12156,/home,1,0,0,0,0,0,0,0
12156,/products,0,0,1,0,0,0,0,0
12156,/the-original-mr-fuzzy,0,0,0,1,0,0,0,0
12157,/home,1,0,0,0,0,0,0,0
12158,/home,1,0,0,0,0,0,0,0
12158,/products,0,0,1,0,0,0,0,0
12158,/the-original-mr-fuzzy,0,0,0,1,0,0,0,0
12158,/cart,0,0,0,0,1,0,0,0
12158,/shipping,0,0,0,0,0,1,0,0
12158,/billing,0,0,0,0,0,0,1,0
12159,/home,1,0,0,0,0,0,0,0
12160,/lander-1,0,1,0,0,0,0,0,0
12160,/products,0,0,1,0,0,0,0,0
12160,/the-original-mr-fuzzy,0,0,0,1,0,0,0,0
12160,/cart,0,0,0,0,1,0,0,0
12161,/lander-1,0,1,0,0,0,0,0,0
12161,/products,0,0,1,0,0,0,0,0
12162,/lander-1,0,1,0,0,0,0,0,0
12164,/home,1,0,0,0,0,0,0,0
12164,/products,0,0,1,0,0,0,0,0
12164,/the-original-mr-fuzzy,0,0,0,1,0,0,0,0
12164,/cart,0,0,0,0,1,0,0,0
12164,/shipping,0,0,0,0,0,1,0,0
12164,/billing,0,0,0,0,0,0,1,0
12165,/home,1,0,0,0,0,0,0,0
12166,/home,1,0,0,0,0,0,0,0
12167,/home,1,0,0,0,0,0,0,0
12168,/home,1,0,0,0,0,0,0,0
12168,/products,0,0,1,0,0,0,0,0
12168,/the-original-mr-fuzzy,0,0,0,1,0,0,0,0
12168,/cart,0,0,0,0,1,0,0,0
12168,/shipping,0,0,0,0,0,1,0,0
12168,/billing,0,0,0,0,0,0,1,0
12168,/thank-you-for-your-order,0,0,0,0,0,0,0,1
12169,/lander-1,0,1,0,0,0,0,0,0
12170,/lander-1,0,1,0,0,0,0,0,0
12171,/home,1,0,0,0,0,0,0,0
12172,/lander-1,0,1,0,0,0,0,0,0
12173,/lander-1,0,1,0,0,0,0,0,0
12175,/home,1,0,0,0,0,0,0,0
12175,/products,0,0,1,0,0,0,0,0
12175,/the-original-mr-fuzzy,0,0,0,1,0,0,0,0
12176,/home,1,0,0,0,0,0,0,0
12177,/home,1,0,0,0,0,0,0,0
12177,/products,0,0,1,0,0,0,0,0
12177,/the-original-mr-fuzzy,0,0,0,1,0,0,0,0
12177,/cart,0,0,0,0,1,0,0,0
12177,/shipping,0,0,0,0,0,1,0,0
12178,/home,1,0,0,0,0,0,0,0
12180,/lander-1,0,1,0,0,0,0,0,0
12180,/products,0,0,1,0,0,0,0,0
12181,/home,1,0,0,0,0,0,0,0
12182,/home,1,0,0,0,0,0,0,0
12182,/products,0,0,1,0,0,0,0,0
12183,/lander-1,0,1,0,0,0,0,0,0
12184,/lander-1,0,1,0,0,0,0,0,0
12185,/home,1,0,0,0,0,0,0,0
12186,/home,1,0,0,0,0,0,0,0
12187,/home,1,0,0,0,0,0,0,0
12189,/lander-1,0,1,0,0,0,0,0,0
12190,/lander-1,0,1,0,0,0,0,0,0
12190,/products,0,0,1,0,0,0,0,0
12190,/the-original-mr-fuzzy,0,0,0,1,0,0,0,0
12190,/cart,0,0,0,0,1,0,0,0
12191,/home,1,0,0,0,0,0,0,0
12191,/products,0,0,1,0,0,0,0,0
12191,/the-original-mr-fuzzy,0,0,0,1,0,0,0,0
12192,/home,1,0,0,0,0,0,0,0
12192,/products,0,0,1,0,0,0,0,0
12193,/home,1,0,0,0,0,0,0,0
12193,/products,0,0,1,0,0,0,0,0
12194,/lander-1,0,1,0,0,0,0,0,0
12195,/home,1,0,0,0,0,0,0,0
12196,/lander-1,0,1,0,0,0,0,0,0
12196,/products,0,0,1,0,0,0,0,0
12197,/lander-1,0,1,0,0,0,0,0,0
12198,/lander-1,0,1,0,0,0,0,0,0
12198,/products,0,0,1,0,0,0,0,0
12198,/the-original-mr-fuzzy,0,0,0,1,0,0,0,0
12200,/home,1,0,0,0,0,0,0,0
12201,/lander-1,0,1,0,0,0,0,0,0
12202,/lander-1,0,1,0,0,0,0,0,0
12204,/lander-1,0,1,0,0,0,0,0,0
12204,/products,0,0,1,0,0,0,0,0
12204,/the-original-mr-fuzzy,0,0,0,1,0,0,0,0
12204,/cart,0,0,0,0,1,0,0,0
12204,/shipping,0,0,0,0,0,1,0,0
12205,/home,1,0,0,0,0,0,0,0
12206,/lander-1,0,1,0,0,0,0,0,0
12207,/home,1,0,0,0,0,0,0,0
12207,/products,0,0,1,0,0,0,0,0
12208,/home,1,0,0,0,0,0,0,0
12209,/lander-1,0,1,0,0,0,0,0,0
12210,/home,1,0,0,0,0,0,0,0
12210,/products,0,0,1,0,0,0,0,0
12211,/lander-1,0,1,0,0,0,0,0,0
12212,/home,1,0,0,0,0,0,0,0
12212,/products,0,0,1,0,0,0,0,0
12212,/the-original-mr-fuzzy,0,0,0,1,0,0,0,0
12213,/lander-1,0,1,0,0,0,0,0,0
12213,/products,0,0,1,0,0,0,0,0
12214,/home,1,0,0,0,0,0,0,0
12214,/products,0,0,1,0,0,0,0,0
12215,/lander-1,0,1,0,0,0,0,0,0
12217,/lander-1,0,1,0,0,0,0,0,0
12218,/home,1,0,0,0,0,0,0,0
12219,/lander-1,0,1,0,0,0,0,0,0
12220,/lander-1,0,1,0,0,0,0,0,0
12221,/home,1,0,0,0,0,0,0,0
12222,/home,1,0,0,0,0,0,0,0
12223,/home,1,0,0,0,0,0,0,0
12224,/home,1,0,0,0,0,0,0,0
12225,/lander-1,0,1,0,0,0,0,0,0
12226,/lander-1,0,1,0,0,0,0,0,0
12226,/products,0,0,1,0,0,0,0,0
12227,/home,1,0,0,0,0,0,0,0
12228,/lander-1,0,1,0,0,0,0,0,0
12229,/lander-1,0,1,0,0,0,0,0,0
12230,/lander-1,0,1,0,0,0,0,0,0
12230,/products,0,0,1,0,0,0,0,0
12230,/the-original-mr-fuzzy,0,0,0,1,0,0,0,0
12230,/cart,0,0,0,0,1,0,0,0
12230,/shipping,0,0,0,0,0,1,0,0
