length,rental_rate,film_title
185,4.99,"CHICAGO NORTH"
185,4.99,"CONTROL ANTHEM"
185,4.99,"DARN FORRESTER"
185,2.99,"GANGS PRIDE"
185,4.99,"HOME PITY"
185,2.99,"MUSCLE BRIGHT"
185,2.99,"POND SEATTLE"
185,4.99,"SOLDIERS EVOLUTION"
185,2.99,"SWEET BROTHERHOOD"
185,2.99,"WORST BANGER"
184,2.99,"CONSPIRACY SPIRIT"
184,2.99,"CRYSTAL BREAKING"
184,4.99,"KING EVOLUTION"
184,4.99,"MOONWALKER FOOL"
184,0.99,"SMOOCHY CONTROL"
184,2.99,"SONS INTERVIEW"
184,0.99,"SORORITY QUEEN"
184,0.99,"THEORY MERMAID"
183,0.99,"CATCH AMISTAD"
183,4.99,"FRONTIER CABIN"
183,4.99,"SCALAWAG DUCK"
183,4.99,"WIFE TURN"
183,0.99,"YOUNG LANGUAGE"
182,2.99,"BAKED CLEOPATRA"
182,4.99,"MONSOON CAUSE"
182,4.99,"RECORDS ZORRO"
182,4.99,"REDS POCUS"
182,4.99,"SATURN NAME"
182,2.99,"SEARCHERS WAIT"
181,2.99,"ANALYZE HOOSIERS"
181,0.99,"HAUNTING PIANIST"
181,4.99,"HOTEL HAPPINESS"
181,0.99,"INTRIGUE WORST"
181,2.99,"JACKET FRISCO"
181,4.99,"LAWLESS VISION"
181,0.99,"LOVE SUICIDES"
181,0.99,"RUNAWAY TENENBAUMS"
181,2.99,"STAR OPERATION"
181,0.99,"WILD APOLLO"
180,2.99,"ALLEY EVOLUTION"
180,4.99,"CONFIDENTIAL INTERVIEW"
180,0.99,"IMPACT ALADDIN"
180,2.99,"MIXED DOORS"
180,2.99,"MUSSOLINI SPOILERS"
180,2.99,"NASH CHOCOLAT"
180,4.99,"SOMETHING DUCK"
179,0.99,"ANONYMOUS HUMAN"
179,4.99,"BORN SPINAL"
179,4.99,"CASUALTIES ENCINO"
179,2.99,"CAUSE DATE"
179,4.99,"FLIGHT LIES"
179,0.99,"KICK SAVANNAH"
179,2.99,"POTLUCK MIXED"
179,2.99,"REDEMPTION COMFORTS"
179,4.99,"SLACKER LIAISONS"
179,0.99,"TEXAS WATCH"
179,4.99,"TORQUE BOUND"
179,4.99,"VIRGIN DAISY"
179,0.99,"YOUTH KICK"
178,4.99,"DROP WATERFRONT"
178,2.99,"EXPRESS LONELY"
178,0.99,"FURY MURDER"
178,2.99,"IMAGE PRINCESS"
178,4.99,"INNOCENT USUAL"
178,0.99,"MADNESS ATTACKS"
178,4.99,"NAME DETECTIVE"
178,0.99,"ROCKETEER MOTHER"
178,2.99,"WARDROBE PHANTOM"
178,2.99,"WRONG BEHAVIOR"
177,0.99,"DOUBLE WRATH"
177,4.99,"DOZEN LION"
177,0.99,"EMPIRE MALKOVICH"
177,2.99,"MANCHURIAN CURTAIN"
177,2.99,"QUEST MUSSOLINI"
177,2.99,"RIDER CADDYSHACK"
176,2.99,"BRAVEHEART HUMAN"
176,0.99,"CAPER MOTIONS"
176,2.99,"CYCLONE FAMILY"
176,0.99,"DRACULA CRYSTAL"
176,0.99,"ENTRAPMENT SATISFACTION"
176,0.99,"GATHERING CALENDAR"
176,2.99,"GREEK EVERYONE"
176,2.99,"HOOSIERS BIRDCAGE"
176,4.99,"SWEDEN SHINING"
176,0.99,"WRATH MILE"
175,4.99,"BEAUTY GREASE"
175,4.99,"DRIVING POLISH"
175,0.99,"LAWRENCE LOVE"
175,4.99,"MODEL FISH"
175,2.99,"PATTON INTERVIEW"
175,0.99,"SPLASH GUMP"
174,0.99,"EVOLUTION ALTER"
174,4.99,"ITALIAN AFRICAN"
174,2.99,"JADE BUNCH"
174,0.99,"LIGHTS DEER"
174,2.99,"UPRISING UPTOWN"
174,0.99,"VIETNAM SMOOCHY"
173,0.99,"BALLROOM MOCKINGBIRD"
173,4.99,"CONQUERER NUTS"
173,4.99,"FIRE WOLVES"
173,4.99,"GLADIATOR WESTWARD"
173,2.99,"PIZZA JUMANJI"
173,0.99,"TALENTED HOMICIDE"
173,4.99,"VELVET TERMINATOR"
172,4.99,"CONNECTICUT TRAMP"
172,4.99,"CREEPERS KANE"
172,2.99,"EYES DRIVING"
172,2.99,"IDAHO LOVE"
172,2.99,"JERK PAYCHECK"
172,2.99,"NORTHWEST POLISH"
172,0.99,"TIGHTS DAWN"
172,2.99,"UNCUT SUICIDES"
171,0.99,"DUFFEL APOCALYPSE"
171,2.99,"JERICHO MULAN"
171,2.99,"KRAMER CHOCOLATE"
171,0.99,"MAGNOLIA FORRESTER"
171,4.99,"MOONSHINE CABIN"
171,0.99,"ROXANNE REBEL"
171,0.99,"TRAMP OTHERS"
171,0.99,"WORLD LEATHERNECKS"
170,2.99,"ARTIST COLDBLOODED"
170,2.99,"ATLANTIS CAUSE"
170,0.99,"DRAGON SQUAD"
170,4.99,"TRADING PINOCCHIO"
169,2.99,"AGENT TRUMAN"
169,2.99,"BREAKING HOME"
169,2.99,"HEDWIG ALTER"
169,2.99,"KENTUCKIAN GIANT"
169,0.99,"OUTBREAK DIVINE"
169,0.99,"SOUP WISDOM"
168,2.99,"ANTITRUST TOMATOES"
168,4.99,"DYING MAKER"
168,0.99,"HAROLD FRENCH"
168,0.99,"TRANSLATION SUMMER"
167,2.99,"CAMPUS REMEMBER"
167,2.99,"ESCAPE METROPOLIS"
167,2.99,"EXORCIST STING"
167,4.99,"INCH JET"
167,0.99,"LESSON CLEOPATRA"
167,4.99,"REQUIEM TYCOON"
167,4.99,"SHOW LORD"
166,2.99,"CONTACT ANONYMOUS"
166,0.99,"GREEDY ROOTS"
166,4.99,"MINE TITANS"
166,0.99,"MOTIONS DETAILS"
166,2.99,"MURDER ANTITRUST"
165,0.99,"CITIZEN SHREK"
165,4.99,"DARLING BREAKING"
165,4.99,"MASSACRE USUAL"
165,0.99,"SONG HEDWIG"
165,2.99,"SPEAKEASY DATE"
164,4.99,"CLERKS ANGELS"
164,4.99,"MISSION ZOOLANDER"
164,0.99,"UNITED PILOT"
164,0.99,"VIRGINIAN PLUTO"
163,4.99,"BIRD INDEPENDENCE"
163,4.99,"CASPER DRAGONFLY"
163,0.99,"EVERYONE CRAFT"
163,0.99,"GILMORE BOILED"
163,4.99,"KISS GLORY"
163,4.99,"QUEEN LUKE"
163,0.99,"STORY SIDE"
162,2.99,"BADMAN DAWN"
162,4.99,"BIRCH ANTITRUST"
162,0.99,"LOVERBOY ATTACKS"
162,2.99,"MIRACLE VIRTUAL"
162,4.99,"ROSES TREASURE"
161,4.99,"BROOKLYN DESERT"
161,4.99,"DADDY PITTSBURGH"
161,0.99,"GABLES METROPOLIS"
161,2.99,"KILLER INNOCENT"
161,2.99,"MASSAGE IMAGE"
161,2.99,"METAL ARMAGEDDON"
161,0.99,"NEIGHBORS CHARADE"
161,0.99,"OLEANDER CLUE"
161,4.99,"WASH HEAVENLY"
160,2.99,"BEAR GRACELAND"
160,4.99,"IGBY MAKER"
160,0.99,"MULAN MOON"
160,0.99,"MUMMY CREATURES"
160,2.99,"PEACH INNOCENT"
160,2.99,"STOCK GLASS"
159,2.99,"DRIVER ANNIE"
159,0.99,"FRANKENSTEIN STRANGER"
159,2.99,"MALKOVICH PET"
159,0.99,"NEWSIES STORY"
159,4.99,"POSEIDON FOREVER"
159,4.99,"WEST LION"
158,2.99,"ENOUGH RAGING"
158,4.99,"FEVER EMPIRE"
158,4.99,"FOOL MOCKINGBIRD"
158,0.99,"MONTEREY LABYRINTH"
158,4.99,"ROAD ROXANNE"
158,4.99,"SECRETARY ROUGE"
157,0.99,"HOBBIT ALIEN"
157,0.99,"INDEPENDENCE HOTEL"
157,2.99,"MULHOLLAND BEAST"
157,4.99,"PAST SUICIDES"
157,0.99,"TOOTSIE PILOT"
157,0.99,"VOLCANO TEXAS"
156,0.99,"FINDING ANACONDA"
156,2.99,"GRADUATE LORD"
156,2.99,"OPERATION OPERATION"
156,0.99,"SLIPPER FIDELITY"
155,4.99,"ELF MURDER"
155,0.99,"FAMILY SWEET"
155,0.99,"GRAPES FURY"
155,2.99,"LOLITA WORLD"
155,2.99,"PSYCHO SHRUNK"
155,2.99,"TADPOLE PARK"
154,4.99,"DOUBTFIRE LABYRINTH"
154,4.99,"DURHAM PANKY"
154,4.99,"GOLD RIVER"
154,4.99,"RAGING AIRPLANE"
154,2.99,"SANTA PARIS"
154,0.99,"SASSY PACKER"
154,2.99,"SHREK LICENSE"
153,2.99,"APOLLO TEEN"
153,4.99,"BABY HALL"
153,2.99,"CROSSROADS CASUALTIES"
153,4.99,"EDGE KISSING"
153,0.99,"GOLDMINE TYCOON"
153,2.99,"LEATHERNECKS DWARFS"
153,4.99,"RIGHT CRANES"
153,2.99,"ROLLERCOASTER BRINGING"
153,4.99,"RULES HUMAN"
152,4.99,"CENTER DINOSAUR"
152,4.99,"ELIZABETH SHANE"
152,2.99,"LUCK OPUS"
152,4.99,"SISTER FREDDY"
152,2.99,"TELEMARK HEARTBREAKERS"
152,4.99,"TOURIST PELICAN"
152,2.99,"TUXEDO MILE"
152,4.99,"TWISTED PIRATES"
152,2.99,"WAGON JAWS"
151,0.99,"BEETHOVEN EXORCIST"
151,2.99,"CAROL TEXAS"
151,4.99,"HUNCHBACK IMPOSSIBLE"
151,0.99,"MASKED BUBBLE"
151,4.99,"SCHOOL JACKET"
151,0.99,"SPOILERS HELLFIGHTERS"
151,0.99,"STRAIGHT HOURS"
150,4.99,"ALI FOREVER"
150,2.99,"BINGO TALENTED"
150,0.99,"CHRISTMAS MOONSHINE"
150,0.99,"CLEOPATRA DEVIL"
150,4.99,"GRINCH MASSAGE"
150,4.99,"HYSTERICAL GRAIL"
150,2.99,"RUSHMORE MERMAID"
150,4.99,"SATURDAY LAMBS"
149,2.99,"COLOR PHILADELPHIA"
149,0.99,"HOLOCAUST HIGHBALL"
149,4.99,"MINDS TRUMAN"
149,4.99,"NIGHTMARE CHILL"
149,0.99,"RIVER OUTLAW"
149,0.99,"SPIRIT FLINTSTONES"
148,0.99,"ARMY FLINTSTONES"
148,2.99,"BLANKET BEVERLY"
148,4.99,"EASY GLADIATOR"
148,0.99,"FIREBALL PHILADELPHIA"
148,4.99,"FLINTSTONES HAPPINESS"
148,4.99,"OUTLAW HANKY"
148,4.99,"TELEGRAPH VOYAGE"
147,2.99,"ARACHNOPHOBIA ROLLERCOASTER"
147,2.99,"DIRTY ACE"
147,4.99,"LIES TREATMENT"
147,2.99,"MADISON TRAP"
147,2.99,"MENAGERIE RUSHMORE"
147,2.99,"RACER EGG"
147,4.99,"RANGE MOONWALKER"
147,2.99,"SCISSORHANDS SLUMS"
147,0.99,"SLUMS DUCK"
146,2.99,"CHAPLIN LICENSE"
146,2.99,"COWBOY DOOM"
146,2.99,"HALF OUTFIELD"
146,2.99,"HAMLET WISDOM"
146,0.99,"MOURNING PURPLE"
145,2.99,"FLOATS GARDEN"
145,4.99,"NUTS TIES"
145,4.99,"PAYCHECK WAIT"
145,4.99,"ROCKY WAR"
145,0.99,"RUN PACIFIC"
145,2.99,"VACATION BOONDOCK"
145,4.99,"VIDEOTAPE ARSENIC"
144,0.99,"DANCING FEVER"
144,0.99,"FACTORY DRAGON"
144,4.99,"LAMBS CINCINATTI"
144,0.99,"PACIFIC AMISTAD"
144,4.99,"PRESIDENT BANG"
144,2.99,"STRICTLY SCARFACE"
144,0.99,"TOWERS HURRICANE"
144,4.99,"VIRTUAL SPOILERS"
143,4.99,"CINCINATTI WHISPERER"
143,0.99,"CLOCKWORK PARADISE"
143,0.99,"CROOKED FROGMEN"
143,0.99,"DETECTIVE VISION"
143,0.99,"ENCINO ELF"
143,2.99,"SOUTH WAIT"
143,4.99,"STEEL SANTA"
142,4.99,"BIKINI BORROWERS"
142,0.99,"CHILL LUCK"
142,2.99,"FERRIS MOTHER"
142,4.99,"MILLION ACE"
142,2.99,"TOMORROW HUSTLER"
142,0.99,"TRACY CIDER"
142,0.99,"VANISHED GARDEN"
141,0.99,"DISCIPLE MOTHER"
141,0.99,"DYNAMITE TARZAN"
141,2.99,"HOCUS FRIDA"
141,2.99,"HOMICIDE PEACH"
141,4.99,"KISSING DOLLS"
141,4.99,"SPICE SORORITY"
141,0.99,"SUN CONFESSIONS"
140,4.99,"EAGLES PANKY"
140,4.99,"GRACELAND DYNAMITE"
140,4.99,"LIAISONS SWEET"
140,0.99,"LOATHING LEGALLY"
140,4.99,"STEERS ARMAGEDDON"
139,0.99,"CLYDE THEORY"
139,0.99,"CREATURES SHAKESPEARE"
139,4.99,"DORADO NOTTING"
139,4.99,"GROUNDHOG UNCUT"
139,2.99,"HOPE TOOTSIE"
139,0.99,"HORROR REIGN"
139,2.99,"SHRUNK DIVINE"
139,4.99,"STRANGER STRANGERS"
139,4.99,"TRAFFIC HOBBIT"
139,0.99,"VOICE PEACH"
139,2.99,"WORKER TARZAN"
138,4.99,"EXPECATIONS NATURAL"
138,2.99,"LIBERTY MAGNIFICENT"
138,4.99,"MAIDEN HOME"
138,0.99,"POCUS PULP"
138,2.99,"SPINAL ROCKY"
138,0.99,"SPIRITED CASUALTIES"
137,0.99,"ARSENIC INDEPENDENCE"
137,0.99,"GRIT CLOCKWORK"
137,2.99,"LIFE TWISTED"
137,0.99,"LOSE INCH"
137,4.99,"PHILADELPHIA WIFE"
137,2.99,"POLLOCK DELIVERANCE"
137,4.99,"SCORPION APOLLO"
137,2.99,"SLEEPY JAPANESE"
137,2.99,"WILLOW TRACY"
136,0.99,"ALASKA PHANTOM"
136,2.99,"BRINGING HYSTERICAL"
136,2.99,"CRAZY HOME"
136,4.99,"HOLLOW JEOPARDY"
136,0.99,"MAKER GABLES"
136,0.99,"PIANIST OUTFIELD"
136,2.99,"REAP UNFAITHFUL"
136,2.99,"SQUAD FISH"
136,2.99,"TOWN ARK"
135,4.99,"CANDLES GRAPES"
135,2.99,"DREAM PICKUP"
135,0.99,"GREASE YOUTH"
135,0.99,"INDIAN LOVE"
135,0.99,"JAPANESE RUN"
135,2.99,"MONEY HAROLD"
135,0.99,"SIERRA DIVIDE"
135,4.99,"SUNRISE LEAGUE"
135,4.99,"THIEF PELICAN"
135,4.99,"WALLS ARTIST"
134,0.99,"JUNGLE CLOSER"
134,4.99,"PITTSBURGH HUNCHBACK"
134,0.99,"ROBBERY BRIGHT"
134,0.99,"SPLENDOR PATTON"
134,2.99,"WEEKEND PERSONAL"
133,4.99,"BUCKET BROTHERHOOD"
133,0.99,"CURTAIN VIDEOTAPE"
133,4.99,"DRAGONFLY STRANGERS"
133,0.99,"FREEDOM CLEOPATRA"
133,0.99,"MALLRATS UNITED"
132,2.99,"CHOCOLATE DUCK"
132,4.99,"DUDE BLINDNESS"
132,0.99,"NECKLACE OUTBREAK"
132,4.99,"PLATOON INSTINCT"
132,2.99,"SKY MIRACLE"
132,0.99,"STREAK RIDGEMONT"
132,4.99,"TRAINSPOTTING STRANGERS"
132,4.99,"VOLUME HOUSE"
131,2.99,"FANTASIA PARK"
131,2.99,"FOREVER CANDIDATE"
131,2.99,"ICE CROSSING"
131,2.99,"NEMO CAMPUS"
131,4.99,"OPEN AFRICAN"
130,2.99,"AFRICAN EGG"
130,4.99,"DARKO DORADO"
130,2.99,"FARGO GANDHI"
130,2.99,"JASON TRAP"
130,0.99,"MAJESTIC FLOATS"
130,0.99,"STALLION SUNDANCE"
129,4.99,"AMERICAN CIRCUS"
129,2.99,"BAREFOOT MANCHURIAN"
129,4.99,"GOSFORD DONNIE"
129,0.99,"MUSIC BOONDOCK"
129,0.99,"OUTFIELD MASSACRE"
129,4.99,"SLEEPING SUSPECTS"
129,0.99,"UNFORGIVEN ZOOLANDER"
128,4.99,"GALAXY SWEETHEARTS"
128,4.99,"HOLES BRANNIGAN"
128,0.99,"JEDI BENEATH"
128,0.99,"NOTORIOUS REUNION"
128,0.99,"PAPI NECKLACE"
128,4.99,"USUAL UNTOUCHABLES"
128,2.99,"WARS PLUTO"
127,0.99,"ARGONAUTS TOWN"
127,2.99,"GUNFIGHTER MUSSOLINI"
127,4.99,"MALTESE HOPE"
127,4.99,"SEVEN SWARM"
127,4.99,"SUBMARINE BED"
126,0.99,"ALAMO VIDEOTAPE"
126,4.99,"ELEPHANT TROJAN"
126,2.99,"FREAKY POCUS"
126,0.99,"MONTEZUMA COMMAND"
126,0.99,"PAJAMA JAWBREAKER"
126,2.99,"SINNERS ATLANTIS"
126,4.99,"VAMPIRE WHALE"
126,0.99,"WOMEN DORADO"
126,2.99,"WONDERFUL DROP"
125,0.99,"BULL SHAWSHANK"
125,0.99,"DONNIE ALLEY"
125,2.99,"FISH OPUS"
125,2.99,"GENTLEMEN STAGE"
125,2.99,"HUNTER ALTER"
125,2.99,"SAINTS BRIDE"
125,0.99,"SHINING ROSES"
124,4.99,"CHISUM BEHAVIOR"
124,2.99,"CLONES PINOCCHIO"
124,4.99,"JINGLE SAGEBRUSH"
124,4.99,"SPEED SUIT"
123,4.99,"BREAKFAST GOLDFINGER"
123,4.99,"FLASH WARS"
123,0.99,"INSECTS STONE"
123,2.99,"MASK PEACH"
123,0.99,"REEF SALUTE"
123,0.99,"SWARM GOLD"
123,2.99,"VANISHING ROCKY"
122,2.99,"BEACH HEARTBREAKERS"
122,4.99,"BETRAYED REAR"
122,0.99,"CHICKEN HELLFIGHTERS"
122,2.99,"CONFUSED CANDLES"
122,0.99,"DECEIVER BETRAYED"
122,4.99,"DOGMA FAMILY"
122,2.99,"EXTRAORDINARY CONQUERER"
122,0.99,"HOURS RAGE"
122,0.99,"ILLUSION AMELIE"
122,2.99,"MIGHTY LUCK"
122,4.99,"VANILLA DAY"
121,2.99,"ARIZONA BANG"
121,4.99,"BOOGIE AMELIE"
121,4.99,"BRANNIGAN SUNRISE"
121,4.99,"DANGEROUS UPTOWN"
121,4.99,"HARRY IDAHO"
121,2.99,"JUMANJI BLADE"
121,2.99,"PARIS WEEKEND"
121,2.99,"PURE RUNNER"
120,4.99,"CALENDAR GUNFIGHT"
120,4.99,"COMMAND DARLING"
120,4.99,"DAZED PUNK"
120,2.99,"DOLLS RAGE"
120,0.99,"KARATE MOON"
120,2.99,"LOCK REAR"
120,2.99,"ORDER BETRAYED"
120,4.99,"RAGE GAMES"
120,2.99,"UNTOUCHABLES SUNRISE"
119,4.99,"APOCALYPSE FLAMINGOS"
119,2.99,"BUGSY SONG"
119,0.99,"DUMBO LUST"
119,4.99,"GAMES BOWFINGER"
119,2.99,"IDENTITY LOVER"
119,4.99,"STRANGERS GRAFFITI"
118,4.99,"BACKLASH UNDEFEATED"
118,4.99,"FIDELITY DEVIL"
118,0.99,"JAWBREAKER BROOKLYN"
118,2.99,"ORIENT CLOSER"
118,2.99,"OTHERS SOUP"
118,4.99,"PATHS CONTROL"
118,0.99,"PERSONAL LADYBUGS"
118,0.99,"ROUGE SQUAD"
117,2.99,"AFFAIR PREJUDICE"
117,4.99,"CHAMBER ITALIAN"
117,0.99,"GRAFFITI LOVE"
117,0.99,"MAGIC MALLRATS"
117,0.99,"RESURRECTION SILVERADO"
116,2.99,"DUCK RACER"
116,2.99,"INSTINCT AIRPORT"
116,4.99,"MADIGAN DORADO"
116,2.99,"WORDS HUNTER"
115,0.99,"CONNECTION MICROCOSMOS"
115,4.99,"ELEMENT FREDDY"
115,2.99,"GLORY TRACY"
115,2.99,"OSCAR GOLD"
115,2.99,"POTTER CONNECTICUT"
115,2.99,"PRIX UNDEFEATED"
115,0.99,"TROOPERS METAL"
114,2.99,"ALABAMA DEVIL"
114,0.99,"BLADE POLISH"
114,0.99,"CARRIE BUNCH"
114,0.99,"CHAINSAW UPTOWN"
114,4.99,"CHASING FIGHT"
114,0.99,"GILBERT PELICAN"
114,2.99,"MARRIED GO"
114,0.99,"PRIDE ALAMO"
114,4.99,"SUGAR WONKA"
114,0.99,"SUPERFLY TRIP"
113,0.99,"AMADEUS HOLY"
113,4.99,"ATTACKS HATE"
113,0.99,"BANGER PINOCCHIO"
113,4.99,"DAY UNFAITHFUL"
113,0.99,"LADYBUGS ARMAGEDDON"
113,4.99,"LEGALLY SECRETARY"
113,0.99,"SHEPHERD MIDSUMMER"
113,2.99,"STATE WASTELAND"
112,4.99,"CAT CONEHEADS"
112,4.99,"CONEHEADS SMOOCHY"
112,4.99,"CONVERSATION DOWNHILL"
112,4.99,"CROWDS TELEMARK"
112,2.99,"CRUSADE HONEY"
112,4.99,"FORRESTER COMANCHEROS"
112,2.99,"JAWS HARRY"
112,4.99,"QUILLS BULL"
112,2.99,"SEABISCUIT PUNK"
112,2.99,"SPY MILE"
112,4.99,"STAGECOACH ARMAGEDDON"
112,0.99,"WAIT CIDER"
112,0.99,"WATERSHIP FRONTIER"
111,0.99,"FROGMEN BREAKING"
111,0.99,"GROOVE FICTION"
111,0.99,"SIEGE MADRE"
111,4.99,"SUIT WALLS"
111,4.99,"TIES HUNGER"
111,0.99,"WIND PHANTOM"
111,4.99,"WONDERLAND CHRISTMAS"
110,0.99,"CELEBRITY HORN"
110,0.99,"DRUMLINE CYCLONE"
110,0.99,"HIGHBALL POTTER"
110,4.99,"LEAGUE HELLFIGHTERS"
110,2.99,"REMEMBER DIARY"
110,2.99,"SAMURAI LION"
110,4.99,"SEATTLE EXPECATIONS"
110,4.99,"SNATCH SLIPPER"
110,4.99,"TRAP GUYS"
109,4.99,"COMA HEAD"
109,2.99,"HOUSE DYNAMITE"
109,4.99,"PANTHER REDS"
109,4.99,"PARK CITIZEN"
109,0.99,"RUGRATS SHAKESPEARE"
109,4.99,"SECRETS PARADISE"
109,4.99,"WHALE BIKINI"
108,4.99,"AUTUMN CROW"
108,2.99,"GORGEOUS BINGO"
108,0.99,"HANDICAP BOONDOCK"
108,2.99,"LORD ARIZONA"
108,0.99,"SWEETHEARTS SUSPECTS"
107,2.99,"CHITTY LOCK"
107,2.99,"DIARY PANIC"
107,0.99,"EFFECT GLADIATOR"
107,2.99,"HANKY OCTOBER"
107,0.99,"HATE HANDICAP"
107,2.99,"INTENTIONS EMPIRE"
107,2.99,"MONSTER SPARTACUS"
107,2.99,"PARTY KNOCK"
107,4.99,"UNDEFEATED DALMATIONS"
107,4.99,"WANDA CHAMBER"
106,2.99,"BED HIGHBALL"
106,0.99,"DALMATIONS SWEDEN"
106,2.99,"DEER VIRGINIAN"
106,2.99,"GASLIGHT CRUSADE"
106,4.99,"PRIVATE DROP"
106,2.99,"SAGEBRUSH CLUELESS"
105,0.99,"HUNGER ROOF"
105,0.99,"JOON NORTHWEST"
105,2.99,"MICROCOSMOS PARADISE"
105,0.99,"MOB DUFFEL"
105,2.99,"WON DARES"
105,0.99,"ZHIVAGO CORE"
104,0.99,"CROW GREASE"
104,0.99,"DATE SPEED"
104,0.99,"FEATHERS METAL"
104,4.99,"MERMAID INSECTS"
104,2.99,"SHIP WONDERLAND"
104,4.99,"TITANIC BOONDOCK"
103,0.99,"BIRDCAGE CASPER"
103,4.99,"BLINDNESS GUN"
103,0.99,"FIREHOUSE VIETNAM"
103,0.99,"GLASS DYING"
103,0.99,"HOMEWARD CIDER"
103,4.99,"IMPOSSIBLE PREJUDICE"
103,0.99,"MOTHER OLEANDER"
103,4.99,"PINOCCHIO SIMON"
103,0.99,"STRANGELOVE DESIRE"
102,4.99,"BOILED DARES"
102,4.99,"FALCON VOLUME"
102,2.99,"GIANT TROOPERS"
102,4.99,"HEAVYWEIGHTS BEAST"
102,0.99,"JEOPARDY ENCINO"
102,4.99,"OPUS ICE"
102,4.99,"PANIC CLUB"
102,2.99,"ROBBERS JOON"
102,0.99,"ROCK INSTINCT"
102,4.99,"SCARFACE BANG"
102,0.99,"TREASURE COMMAND"
101,0.99,"CHOCOLAT HARRY"
101,2.99,"CIDER DESIRE"
101,2.99,"DWARFS ALTER"
101,0.99,"GHOSTBUSTERS ELF"
101,0.99,"ROOF CHAMPION"
101,0.99,"RUNNER MADIGAN"
101,2.99,"ZOOLANDER FICTION"
100,4.99,"BEHAVIOR RUNAWAY"
100,4.99,"BILKO ANONYMOUS"
100,0.99,"DELIVERANCE MULHOLLAND"
100,2.99,"DIVINE RESURRECTION"
100,2.99,"FLATLINERS KILLER"
100,0.99,"GUN BONNIE"
100,2.99,"HAPPINESS UNITED"
100,2.99,"HYDE DOCTOR"
100,0.99,"PIRATES ROXANNE"
100,4.99,"PUNK DIVORCE"
100,4.99,"WITCHES PANIC"
100,4.99,"WYOMING STORM"
99,0.99,"ARMAGEDDON LOST"
99,2.99,"DARKNESS WAR"
99,4.99,"FRENCH HOLIDAY"
99,0.99,"PATIENT SISTER"
99,4.99,"PERDITION FARGO"
99,0.99,"PET HAUNTING"
99,4.99,"SABRINA MIDNIGHT"
99,0.99,"TENENBAUMS COMMAND"
98,0.99,"BOUND CHEAPER"
98,0.99,"EARRING INSTINCT"
98,0.99,"FEUD FROGMEN"
98,2.99,"LOST BIRD"
98,2.99,"MADRE GABLES"
98,4.99,"PREJUDICE OLEANDER"
98,4.99,"SENSIBILITY REAR"
98,0.99,"WISDOM WORKER"
97,0.99,"EXPENDABLE STALLION"
97,2.99,"INVASION CYCLONE"
97,2.99,"LUCKY FLYING"
97,0.99,"REAR TRADING"
96,0.99,"DRUMS DYNAMITE"
96,4.99,"EARLY HOME"
95,2.99,"CLUELESS BUCKET"
95,2.99,"HORN WORKING"
94,0.99,"ALICE FANTASIA"
94,2.99,"DISTURBING SCARFACE"
94,2.99,"FULL FLATLINERS"
94,0.99,"STONE FIRE"
93,2.99,"BILL OTHERS"
93,0.99,"GOLDFINGER SENSIBILITY"
93,2.99,"GREATEST NORTH"
93,0.99,"HILLS NEIGHBORS"
93,4.99,"PANKY SUBMARINE"
93,2.99,"SHANE DARKNESS"
93,4.99,"STING PERSONAL"
93,4.99,"SUICIDES SILENCE"
92,0.99,"ANACONDA CONFESSIONS"
92,4.99,"APACHE DIVINE"
92,4.99,"CARIBBEAN LIBERTY"
92,2.99,"CORE SUIT"
92,0.99,"ENCOUNTERS CURTAIN"
92,0.99,"KANE EXORCIST"
92,0.99,"MYSTIC TRUMAN"
92,2.99,"NATIONAL STORY"
92,4.99,"OPPOSITE NECKLACE"
92,0.99,"SUNDANCE INVASION"
92,4.99,"TRUMAN CRAZY"
91,4.99,"ANTHEM LUKE"
91,2.99,"FATAL HAUNTED"
91,0.99,"FIGHT JAWBREAKER"
91,2.99,"LICENSE WEEKEND"
91,2.99,"TARZAN VIDEOTAPE"
91,4.99,"TITANS JERK"
90,2.99,"BASIC EASY"
90,2.99,"CIRCUS YOUTH"
90,2.99,"FORWARD TEMPLE"
90,4.99,"SECRET GROUNDHOG"
90,2.99,"VERTIGO NORTHWEST"
89,4.99,"BEAST HUNCHBACK"
89,0.99,"BUTTERFLY CHOCOLAT"
89,2.99,"DARES PLUTO"
89,2.99,"GLEAMING JAWBREAKER"
89,2.99,"PULP BEVERLY"
89,0.99,"ROOTS REMEMBER"
88,4.99,"DETAILS PACKER"
88,0.99,"HOLY TADPOLE"
88,2.99,"PURPLE MOVIE"
88,4.99,"TERMINATOR CLUB"
87,2.99,"BANG KWAI"
87,0.99,"CHEAPER CLYDE"
87,0.99,"CONGENIALITY QUEST"
87,4.99,"DEVIL DESIRE"
87,0.99,"SLEUTH ORIENT"
87,0.99,"TREATMENT JEKYLL"
86,0.99,"ACADEMY DINOSAUR"
86,0.99,"ANNIE IDENTITY"
86,0.99,"GANDHI KWAI"
86,0.99,"MIDNIGHT WESTWARD"
86,4.99,"YENTL IDAHO"
85,2.99,"AMISTAD MIDSUMMER"
85,2.99,"BEVERLY OUTLAW"
85,2.99,"BLACKOUT PRIVATE"
85,0.99,"CANYON STOCK"
85,4.99,"CASABLANCA SUPER"
85,0.99,"EARTH VISION"
85,0.99,"EGYPT TENENBAUMS"
85,0.99,"ENDING CROWDS"
85,4.99,"GHOST GROUNDHOG"
85,2.99,"GRAIL FRANKENSTEIN"
85,4.99,"LOLA AGENT"
85,2.99,"OZ LIAISONS"
85,2.99,"STAGE WORLD"
85,2.99,"VARSITY TRIP"
85,2.99,"WASTELAND DIVINE"
85,2.99,"WINDOW SIDE"
85,2.99,"WONKA SEA"
84,4.99,"DAISY MENAGERIE"
84,2.99,"GONE TROUBLE"
84,4.99,"GUYS FALCON"
84,2.99,"HIGH ENCINO"
84,0.99,"HONEY TIES"
84,2.99,"IDOLS SNATCHERS"
84,2.99,"ISLAND EXORCIST"
84,2.99,"JEEPERS WEDDING"
84,0.99,"PACKER MADIGAN"
84,4.99,"PLUTO OLEANDER"
84,0.99,"SAVANNAH TOWN"
84,0.99,"SLING LUKE"
84,2.99,"UPTOWN YOUNG"
83,4.99,"ATTRACTION NEWTON"
83,4.99,"FUGITIVE MAGUIRE"
83,4.99,"HUSTLER PARTY"
83,0.99,"MOON BUNCH"
83,0.99,"NONE SPIKING"
83,2.99,"WARLOCK WEREWOLF"
82,0.99,"ALONE TRIP"
82,2.99,"ANYTHING SAVANNAH"
82,0.99,"FROST HEAD"
82,2.99,"PERFECT GROOVE"
82,0.99,"RAIDERS ANTITRUST"
82,2.99,"REIGN GENTLEMEN"
82,4.99,"TYCOON GATHERING"
81,2.99,"CLASH FREDDY"
81,4.99,"DESPERATE TRAINSPOTTING"
81,0.99,"ROMAN PUNK"
80,4.99,"FLAMINGOS CONNECTICUT"
80,4.99,"GARDEN ISLAND"
80,4.99,"LOSER HUSTLER"
80,2.99,"MEET CHOCOLATE"
80,4.99,"PEAK FOREVER"
80,2.99,"SADDLE ANTITRUST"
80,2.99,"SEA VIRGIN"
80,4.99,"SHAWSHANK BUBBLE"
80,2.99,"TURN STAR"
80,4.99,"WAR NOTTING"
79,4.99,"AMELIE HELLFIGHTERS"
79,4.99,"ISHTAR ROCKETEER"
79,0.99,"MOULIN WAKE"
79,2.99,"SHOCK CABIN"
79,2.99,"SPIKING ELEMENT"
79,4.99,"WEREWOLF LOLA"
78,4.99,"HOLIDAY GAMES"
78,2.99,"INSIDER ARIZONA"
78,0.99,"LANGUAGE COWBOY"
78,2.99,"UNFAITHFUL KILL"
78,0.99,"VOYAGE LEGALLY"
78,0.99,"WATCH TRACY"
77,2.99,"BERETS AGENT"
77,4.99,"ENEMY ODDS"
77,4.99,"FELLOWSHIP AUTUMN"
77,4.99,"MEMENTO ZOOLANDER"
77,4.99,"MOD SECRETARY"
77,2.99,"PICKUP DRIVING"
76,0.99,"BOONDOCK BALLROOM"
76,2.99,"COMFORTS RUSH"
76,2.99,"DESIRE ALIEN"
76,0.99,"DESTINATION JERK"
76,4.99,"HAUNTED ANTITRUST"
76,0.99,"ORANGE GRAPES"
76,4.99,"VILLAIN DESPERATE"
75,2.99,"BALLOON HOMEWARD"
75,4.99,"CALIFORNIA BIRDS"
75,4.99,"FIDDLER LOST"
75,2.99,"HELLFIGHTERS SIERRA"
75,2.99,"LOVER TRUMAN"
75,2.99,"NETWORK PEAK"
75,0.99,"NEWTON LABYRINTH"
75,4.99,"SATISFACTION CONFIDENTIAL"
75,0.99,"STAMPEDE DISTURBING"
75,4.99,"WIZARD COLDBLOODED"
74,2.99,"ANGELS LIFE"
74,4.99,"INFORMER DOUBLE"
74,0.99,"JUMPING WRATH"
74,2.99,"LUKE MUMMY"
74,2.99,"MAGUIRE APACHE"
74,0.99,"MODERN DORADO"
74,2.99,"PEARL DESTINY"
74,4.99,"RAINBOW SHOCK"
74,4.99,"SILVERADO GOLDFINGER"
74,2.99,"SNATCHERS MONTEZUMA"
74,4.99,"TEEN APOLLO"
74,4.99,"WORKING MICROCOSMOS"
73,0.99,"BEDAZZLED MARRIED"
73,4.99,"BRIGHT ENCOUNTERS"
73,0.99,"BROTHERHOOD BLANKET"
73,2.99,"FRIDA SLIPPER"
73,2.99,"GODFATHER DIARY"
73,4.99,"MUSKETEERS WAIT"
73,2.99,"RANDOM GO"
73,0.99,"REBEL AIRPORT"
73,2.99,"SALUTE APOLLO"
73,4.99,"STREETCAR INTENTIONS"
73,0.99,"VALLEY PACKER"
73,4.99,"WAKE JAWS"
72,4.99,"BOWFINGER GABLES"
72,0.99,"FICTION CHRISTMAS"
72,2.99,"HARDLY ROBBERS"
72,0.99,"MAUDE MOD"
71,0.99,"BLOOD ARGONAUTS"
71,2.99,"CHARIOTS CONSPIRACY"
71,2.99,"KNOCK WARLOCK"
71,2.99,"MANNEQUIN WORST"
71,2.99,"PRINCESS GIANT"
71,4.99,"TEMPLE ATTRACTION"
71,4.99,"TRAIN BUNCH"
70,2.99,"CANDIDATE PERDITION"
70,2.99,"CHANCE RESURRECTION"
70,4.99,"CLUE GRAIL"
70,4.99,"COLDBLOODED DARLING"
70,0.99,"GUNFIGHT MOON"
70,0.99,"LOUISIANA HARRY"
70,0.99,"WEDDING APOLLO"
69,0.99,"CRUELTY UNFORGIVEN"
69,2.99,"FLYING HOOK"
69,4.99,"HEAD STRANGER"
69,0.99,"HOLLYWOOD ANONYMOUS"
69,2.99,"LEBOWSKI SOLDIERS"
69,0.99,"TIMBERLAND SKY"
68,0.99,"ARK RIDGEMONT"
68,2.99,"DIVIDE MONSTER"
68,0.99,"DOOM DANCING"
68,2.99,"HUMAN GRAFFITI"
68,0.99,"TOMATOES HELLFIGHTERS"
67,0.99,"BUTCH PANTHER"
67,0.99,"COMANCHEROS ENEMY"
67,2.99,"EGG IGBY"
67,4.99,"LADY STAGE"
67,2.99,"LONELY ELEPHANT"
67,4.99,"NORTH TEQUILA"
67,0.99,"SHOOTIST SUPERFLY"
67,0.99,"SILENCE KANE"
66,2.99,"CHARADE DUFFEL"
66,4.99,"EVE RESURRECTION"
65,2.99,"BARBARELLA STREETCAR"
65,0.99,"CLUB GRAFFITI"
65,4.99,"CONFESSIONS MAGUIRE"
65,4.99,"FREDDY STORM"
65,2.99,"HUNTING MUSKETEERS"
65,2.99,"LOVELY JINGLE"
65,2.99,"PATRIOT ROMAN"
64,0.99,"CRAFT OUTFIELD"
64,4.99,"DESERT POSEIDON"
64,2.99,"METROPOLIS COMA"
64,0.99,"MILE MULAN"
64,0.99,"NOVOCAINE FLIGHT"
64,4.99,"SLEEPLESS MONSOON"
64,0.99,"TAXI KICK"
64,4.99,"TRIP NEWTON"
64,0.99,"VICTORY ACADEMY"
63,4.99,"ALADDIN CALENDAR"
63,0.99,"BONNIE HOLOCAUST"
63,0.99,"BORROWERS BEDAZZLED"
63,0.99,"BOULEVARD MOB"
63,2.99,"BUNCH MINDS"
63,2.99,"DINOSAUR SECRETARY"
63,2.99,"FORREST SONS"
63,4.99,"INTOLERABLE INTENTIONS"
63,0.99,"REUNION WITCHES"
62,4.99,"AIRPLANE SIERRA"
62,0.99,"ARABIA DOGMA"
62,4.99,"HANGING DEEP"
62,0.99,"MARS ROMAN"
62,0.99,"SNOWMAN ROLLERCOASTER"
62,0.99,"UNBREAKABLE KARATE"
61,4.99,"BIRDS PERDITION"
61,2.99,"BULWORTH COMMANDMENTS"
61,0.99,"CAMELOT VACATION"
61,2.99,"CASSIDY WYOMING"
61,4.99,"CHINATOWN GLADIATOR"
61,4.99,"DRIFTER COMMANDMENTS"
61,0.99,"POLISH BROOKLYN"
61,2.99,"RESERVOIR ADAPTATION"
61,2.99,"TROUBLE DATE"
61,4.99,"WATERFRONT DELIVERANCE"
60,4.99,"BUBBLE GROSSE"
60,4.99,"JERSEY SASSY"
60,0.99,"MOCKINGBIRD HOLLYWOOD"
60,2.99,"PHANTOM GLORY"
60,4.99,"PITY BOUND"
60,0.99,"ROOM ROMAN"
60,2.99,"SHAKESPEARE SADDLE"
60,2.99,"SMILE EARRING"
59,4.99,"COMMANDMENTS EXPRESS"
59,4.99,"DAUGHTER MADIGAN"
59,4.99,"HEARTBREAKERS BRIGHT"
59,4.99,"INTERVIEW LIAISONS"
59,4.99,"JET NEIGHBORS"
59,0.99,"LEGEND JEDI"
59,0.99,"MINORITY KISS"
59,0.99,"VISION TORQUE"
59,4.99,"WHISPERER GIANT"
58,4.99,"CLOSER BANG"
58,0.99,"DANCES NONE"
58,0.99,"FANTASY TROOPERS"
58,2.99,"JEKYLL FROGMEN"
58,0.99,"OKLAHOMA JUMANJI"
58,0.99,"RINGS HEARTBREAKERS"
58,4.99,"SUPER WYOMING"
57,0.99,"ALTER VICTORY"
57,2.99,"CRANES RESERVOIR"
57,4.99,"DAWN POND"
57,2.99,"DOCTOR GRAIL"
57,0.99,"MOSQUITO ARMAGEDDON"
57,2.99,"NOON PAPI"
57,0.99,"STORM HAPPINESS"
56,0.99,"BRIDE INTRIGUE"
56,2.99,"CUPBOARD SINNERS"
56,4.99,"DESTINY SATURDAY"
56,4.99,"GOODFELLAS SALUTE"
56,4.99,"MATRIX SNOWMAN"
55,0.99,"COAST RAINBOW"
55,0.99,"WOLVES DESIRE"
54,4.99,"AIRPORT POLLOCK"
54,0.99,"GO PURPLE"
54,0.99,"JUGGLER HARDLY"
54,0.99,"KILL BROTHERHOOD"
54,4.99,"OCTOBER SUBMARINE"
54,4.99,"SENSE GREEK"
53,0.99,"BENEATH RUSH"
53,0.99,"CABIN FLASH"
53,4.99,"GUMP DATE"
53,2.99,"MAGNIFICENT CHITTY"
53,4.99,"MOVIE SHAKESPEARE"
53,0.99,"PRIMARY GLASS"
53,0.99,"SUMMER SCARFACE"
53,4.99,"TEQUILA PAST"
53,4.99,"THIN SAGEBRUSH"
52,0.99,"CADDYSHACK JEDI"
52,0.99,"HARPER DYING"
52,2.99,"LUST LOCK"
52,0.99,"SIDE ARK"
52,4.99,"SPARTACUS CHEAPER"
52,2.99,"TROJAN TOMORROW"
52,0.99,"WESTWARD SEABISCUIT"
51,4.99,"CHAMPION FLATLINERS"
51,4.99,"DEEP CRUSADE"
51,0.99,"ENGLISH BULWORTH"
51,0.99,"EXCITEMENT EVE"
51,4.99,"FRISCO FORREST"
51,4.99,"HALL CASSIDY"
51,0.99,"SIMON NORTH"
50,2.99,"ADAPTATION HOLES"
50,2.99,"BLUES INSTINCT"
50,4.99,"CROSSING DIVORCE"
50,0.99,"LION UNCUT"
50,4.99,"MUPPET MILE"
50,0.99,"NATURAL STOCK"
50,2.99,"PILOT HOOSIERS"
50,0.99,"SMOKING BARBARELLA"
50,4.99,"ZORRO ARK"
49,4.99,"DOORS PRESIDENT"
49,4.99,"GROSSE WONDERFUL"
49,4.99,"HEAVENLY GUN"
49,0.99,"HOOK CHARIOTS"
49,2.99,"HURRICANE AFFAIR"
48,4.99,"ACE GOLDFINGER"
48,2.99,"HEAVEN FREEDOM"
48,4.99,"MIDSUMMER GROUNDHOG"
48,0.99,"NOTTING SPEAKEASY"
48,0.99,"ODDS BOOGIE"
48,2.99,"PARADISE SABRINA"
48,4.99,"PELICAN COMFORTS"
48,0.99,"RUSH GOODFELLAS"
48,4.99,"STEPMOM DREAM"
48,0.99,"SUNSET RACER"
48,0.99,"VALENTINE VANISHING"
47,2.99,"DIVORCE SHINING"
47,0.99,"DOWNHILL ENOUGH"
47,2.99,"HALLOWEEN NUTS"
47,4.99,"HANOVER GALAXY"
47,0.99,"HAWK CHILL"
47,2.99,"SHANGHAI TYCOON"
47,2.99,"SUSPECTS QUILLS"
46,2.99,"ALIEN CENTER"
46,4.99,"IRON MOON"
46,0.99,"KWAI HOMEWARD"
46,2.99,"LABYRINTH LEAGUE"
46,0.99,"RIDGEMONT SUBMARINE"
